tenure,monthly_charges,support_tickets,contract,churn
10.0,33.01,3,monthly,0
68.0,68.59,2,monthly,0
68.0,67.31,1,one_year,0
3.0,58.22,1,monthly,1
67.0,20.91,1,monthly,0
66.0,22.75,4,two_year,0
58.0,85.47,3,monthly,0
45.0,48.91,1,monthly,0
35.0,100.11,1,two_year,0
44.0,54.26,0,one_year,0
36.0,77.88,2,monthly,0
28.0,,3,monthly,0
63.0,55.94,0,one_year,0
12.0,65.13,0,monthly,1
52.0,82.74,1,monthly,0
44.0,106.98,3,one_year,1
59.0,91.17,1,one_year,0
64.0,38.06,0,monthly,0
43.0,70.13,1,two_year,0
2.0,66.29,1,monthly,0
49.0,55.98,3,two_year,0
40.0,82.93,0,monthly,0
6.0,104.71,1,one_year,1
46.0,59.95,1,monthly,0
35.0,94.58,1,monthly,1
67.0,100.71,3,one_year,0
66.0,46.63,3,monthly,1
2.0,109.03,2,two_year,1
60.0,107.12,0,two_year,0
27.0,76.52,0,monthly,0
29.0,,0,monthly,0
10.0,75.54,1,monthly,0
3.0,95.37,3,monthly,0
23.0,84.34,3,two_year,0
31.0,51.03,3,monthly,0
66.0,75.78,0,monthly,0
49.0,66.32,0,one_year,0
13.0,59.14,2,monthly,0
26.0,44.64,0,two_year,0
26.0,52.84,2,monthly,1
18.0,42.87,3,monthly,1
60.0,95.05,0,monthly,0
36.0,26.88,2,monthly,0
54.0,71.71,1,monthly,0
55.0,56.55,1,two_year,0
67.0,42.51,0,one_year,0
60.0,85.98,2,monthly,1
9.0,52.45,0,monthly,0
65.0,96.59,1,monthly,0
6.0,66.08,0,two_year,0
29.0,77.34,4,monthly,1
16.0,67.15,1,one_year,0
62.0,84.32,0,monthly,0
36.0,90.68,4,monthly,0
30.0,60.12,1,two_year,0
49.0,69.81,1,one_year,1
45.0,108.72,1,monthly,0
9.0,57.37,0,monthly,0
43.0,109.84,0,monthly,1
46.0,61.35,5,monthly,0
26.0,57.73,0,monthly,0
16.0,32.87,0,two_year,0
3.0,,0,monthly,0
70.0,31.66,2,monthly,1
66.0,57.42,0,one_year,0
41.0,85.23,2,monthly,0
60.0,68.66,2,monthly,0
11.0,56.73,2,one_year,0
9.0,47.4,1,two_year,0
60.0,54.87,3,monthly,1
35.0,37.99,1,two_year,0
36.0,,1,monthly,0
71.0,112.84,2,monthly,1
56.0,75.29,1,monthly,1
30.0,49.83,1,monthly,1
40.0,84.77,0,one_year,0
31.0,103.01,1,monthly,0
64.0,55.96,0,two_year,0
33.0,67.62,0,monthly,0
21.0,42.36,2,monthly,1
24.0,34.89,3,monthly,0
70.0,100.35,2,two_year,0
54.0,120.0,0,two_year,0
2.0,53.71,0,monthly,1
12.0,34.23,0,monthly,0
28.0,101.22,4,monthly,1
18.0,93.27,1,one_year,1
12.0,80.47,0,monthly,0
14.0,102.4,1,monthly,0
72.0,62.55,1,monthly,0
3.0,76.08,0,monthly,1
2.0,87.38,3,two_year,0
55.0,63.09,2,one_year,0
21.0,80.48,0,monthly,1
51.0,64.75,2,one_year,0
28.0,79.99,2,one_year,1
7.0,73.53,0,one_year,0
6.0,26.41,0,two_year,0
66.0,,1,monthly,0
67.0,38.49,2,one_year,0
53.0,51.21,2,monthly,0
56.0,33.33,0,monthly,0
65.0,87.88,0,one_year,0
39.0,62.72,0,two_year,0
62.0,61.44,2,one_year,0
30.0,97.37,0,monthly,1
18.0,85.58,1,monthly,0
14.0,,3,monthly,1
48.0,24.15,1,two_year,0
12.0,84.44,2,monthly,0
12.0,64.1,1,monthly,1
30.0,61.9,1,monthly,0
26.0,86.09,4,monthly,0
45.0,56.04,3,two_year,0
60.0,68.1,1,one_year,0
62.0,89.46,0,monthly,0
13.0,82.5,1,monthly,0
18.0,56.41,0,monthly,1
13.0,101.9,0,one_year,1
63.0,95.2,1,monthly,0
23.0,111.52,1,monthly,0
48.0,68.75,0,monthly,0
37.0,74.68,0,one_year,0
12.0,93.13,1,one_year,0
29.0,79.65,0,monthly,0
3.0,73.04,1,one_year,1
47.0,67.75,1,monthly,0
2.0,63.34,0,monthly,0
17.0,,3,monthly,1
70.0,55.82,0,monthly,0
55.0,78.95,0,two_year,0
18.0,63.31,0,monthly,0
3.0,38.97,1,monthly,0
5.0,71.19,1,one_year,0
36.0,,0,two_year,0
48.0,99.94,0,two_year,0
9.0,25.85,0,one_year,0
20.0,51.43,1,monthly,1
63.0,87.13,1,two_year,0
68.0,71.8,1,one_year,0
1.0,71.61,0,monthly,1
48.0,67.2,2,monthly,0
52.0,71.35,3,monthly,0
64.0,47.71,1,two_year,0
59.0,96.07,0,one_year,0
47.0,47.17,1,two_year,0
25.0,66.95,2,one_year,0
53.0,103.8,3,monthly,0
17.0,93.94,1,one_year,0
34.0,69.95,0,monthly,1
43.0,69.94,0,monthly,0
31.0,57.0,2,monthly,0
38.0,59.14,1,monthly,0
57.0,64.93,1,monthly,0
40.0,99.5,0,one_year,0
14.0,60.65,1,one_year,1
36.0,82.57,1,monthly,0
5.0,79.61,2,one_year,0
19.0,79.09,1,monthly,0
66.0,64.07,0,one_year,0
54.0,86.35,0,monthly,0
28.0,73.78,0,one_year,0
25.0,72.43,0,monthly,0
41.0,,1,one_year,0
67.0,23.2,1,one_year,0
29.0,86.33,0,monthly,0
26.0,86.93,1,monthly,0
54.0,59.36,0,two_year,0
48.0,66.52,2,monthly,0
56.0,76.7,2,monthly,0
12.0,49.13,1,monthly,0
14.0,85.96,1,monthly,1
12.0,86.07,0,monthly,0
56.0,89.15,0,one_year,0
58.0,90.68,1,one_year,0
,28.95,2,one_year,1
69.0,81.97,1,two_year,0
41.0,60.93,1,one_year,0
50.0,94.88,0,monthly,0
35.0,93.72,1,one_year,0
51.0,88.43,1,monthly,1
61.0,68.77,0,one_year,0
53.0,120.0,3,monthly,0
31.0,69.46,3,monthly,0
13.0,47.81,2,two_year,0
60.0,91.87,0,one_year,0
56.0,39.02,1,one_year,0
68.0,112.71,1,one_year,0
11.0,92.92,2,one_year,0
42.0,99.75,0,monthly,1
3.0,93.64,0,one_year,0
59.0,79.64,0,monthly,0
53.0,42.04,1,one_year,0
64.0,57.78,1,two_year,0
46.0,83.21,2,one_year,0
17.0,66.5,2,two_year,0
37.0,79.02,1,monthly,0
33.0,56.02,1,two_year,0
67.0,53.77,1,monthly,0
65.0,77.45,0,two_year,0
28.0,87.11,0,monthly,1
55.0,71.04,0,monthly,1
12.0,49.64,2,one_year,0
61.0,34.64,0,monthly,0
12.0,115.04,0,monthly,0
44.0,46.01,2,two_year,0
64.0,51.84,4,monthly,0
28.0,54.96,2,one_year,0
5.0,90.33,0,monthly,1
57.0,54.28,0,monthly,0
20.0,82.71,1,monthly,0
25.0,77.19,2,monthly,0
33.0,45.8,1,monthly,0
42.0,74.15,0,two_year,0
54.0,43.99,1,monthly,0
16.0,67.11,2,monthly,1
18.0,86.74,2,monthly,1
29.0,65.42,3,monthly,0
39.0,50.69,2,two_year,0
33.0,61.4,3,monthly,1
56.0,66.43,1,two_year,0
9.0,77.75,2,monthly,1
48.0,20.4,1,monthly,0
8.0,30.15,0,monthly,0
48.0,80.98,3,monthly,0
64.0,67.68,0,one_year,0
8.0,70.44,0,monthly,0
71.0,74.8,0,monthly,0
25.0,66.57,3,monthly,1
12.0,60.21,1,two_year,0
17.0,72.42,1,one_year,0
27.0,84.52,1,monthly,1
71.0,77.38,0,monthly,0
49.0,70.39,2,one_year,0
11.0,47.24,0,two_year,0
11.0,75.05,2,monthly,1
62.0,44.72,1,monthly,0
5.0,55.26,0,monthly,0
10.0,73.14,2,monthly,1
66.0,72.43,1,monthly,0
28.0,93.67,1,monthly,0
21.0,89.06,1,monthly,1
2.0,80.5,0,monthly,0
69.0,62.84,4,one_year,0
21.0,69.6,2,one_year,0
38.0,64.6,1,monthly,0
64.0,107.6,2,monthly,0
43.0,79.89,0,monthly,0
36.0,55.76,2,two_year,0
39.0,51.53,0,two_year,0
29.0,96.9,2,monthly,1
37.0,51.0,0,two_year,0
53.0,77.91,1,two_year,0
20.0,,0,monthly,0
39.0,93.11,2,one_year,0
46.0,50.92,0,monthly,0
66.0,80.02,1,monthly,0
32.0,74.38,2,one_year,0
,87.33,2,monthly,0
62.0,99.55,0,one_year,0
70.0,72.25,2,two_year,0
21.0,65.16,2,two_year,0
7.0,89.1,3,monthly,1
14.0,39.43,2,monthly,1
21.0,74.15,2,two_year,0
62.0,48.73,3,two_year,0
9.0,43.82,1,two_year,0
39.0,35.75,0,one_year,0
,34.14,1,one_year,0
17.0,88.12,3,monthly,1
2.0,89.07,0,monthly,1
56.0,72.37,0,monthly,0
1.0,92.62,2,one_year,0
21.0,70.8,3,monthly,1
67.0,59.4,1,one_year,0
52.0,46.69,0,monthly,0
50.0,86.86,2,monthly,0
48.0,87.88,1,two_year,0
42.0,97.62,0,monthly,0
22.0,52.85,3,monthly,0
48.0,64.08,1,monthly,0
47.0,40.92,0,two_year,0
38.0,95.12,2,monthly,0
36.0,85.65,0,monthly,0
68.0,81.42,1,monthly,0
3.0,69.94,1,one_year,1
59.0,67.11,3,monthly,0
71.0,62.41,1,monthly,0
51.0,94.05,1,monthly,0
19.0,56.62,0,monthly,0
49.0,89.68,0,one_year,0
28.0,76.62,0,monthly,0
47.0,48.54,0,two_year,0
64.0,38.96,0,two_year,0
13.0,53.4,2,two_year,0
50.0,69.58,2,one_year,0
55.0,42.33,2,monthly,0
13.0,84.03,3,monthly,0
52.0,95.14,1,monthly,0
47.0,82.23,0,monthly,0
26.0,33.64,1,monthly,0
2.0,20.0,3,one_year,1
29.0,89.32,0,monthly,1
54.0,102.83,2,monthly,1
50.0,61.75,2,monthly,1
44.0,81.79,1,one_year,0
59.0,64.56,0,monthly,0
48.0,56.55,3,monthly,0
19.0,92.04,0,one_year,0
41.0,58.45,4,monthly,1
17.0,88.95,0,monthly,0
26.0,107.91,1,one_year,0
48.0,67.78,1,monthly,0
48.0,111.21,2,two_year,0
55.0,41.84,2,monthly,0
34.0,90.44,1,one_year,0
41.0,70.64,3,monthly,1
54.0,120.0,1,monthly,0
34.0,71.35,2,one_year,1
3.0,53.11,3,monthly,0
36.0,105.89,2,monthly,1
20.0,37.03,2,monthly,1
28.0,80.1,4,monthly,1
12.0,53.77,0,monthly,0
25.0,100.6,0,one_year,0
37.0,68.18,0,two_year,0
32.0,89.18,1,monthly,0
45.0,69.59,0,monthly,0
57.0,46.34,1,one_year,0
16.0,23.34,0,monthly,0
57.0,109.48,2,monthly,0
69.0,75.51,2,monthly,0
23.0,45.2,1,monthly,1
27.0,63.55,1,monthly,0
34.0,92.01,0,one_year,0
2.0,37.78,1,one_year,0
51.0,120.0,1,one_year,0
53.0,64.92,0,two_year,0
37.0,62.33,3,monthly,0
9.0,98.48,1,one_year,0
15.0,74.94,2,monthly,0
2.0,48.4,1,monthly,0
5.0,90.4,3,two_year,1
21.0,80.18,2,one_year,1
26.0,94.97,2,two_year,0
34.0,50.1,2,two_year,0
2.0,45.6,0,two_year,0
18.0,83.98,1,monthly,0
55.0,60.71,0,monthly,0
24.0,23.01,2,monthly,0
56.0,57.37,1,monthly,0
10.0,83.95,2,one_year,1
57.0,54.27,2,monthly,0
26.0,98.2,2,monthly,0
34.0,59.11,2,one_year,0
58.0,68.01,0,monthly,0
45.0,34.5,4,one_year,0
23.0,52.56,1,monthly,0
54.0,65.97,2,monthly,0
42.0,82.75,0,one_year,0
25.0,74.16,2,one_year,0
16.0,93.35,1,monthly,0
45.0,22.29,3,monthly,0
9.0,70.56,2,two_year,0
11.0,66.83,2,monthly,1
23.0,47.09,2,monthly,0
55.0,69.08,0,monthly,0
3.0,53.64,2,monthly,1
31.0,79.4,1,two_year,0
35.0,62.4,2,monthly,0
5.0,81.11,2,two_year,1
51.0,50.01,0,monthly,0
31.0,97.87,2,monthly,0
31.0,78.73,1,one_year,0
41.0,109.18,2,monthly,1
17.0,67.04,2,monthly,1
50.0,58.98,0,monthly,1
24.0,72.98,1,monthly,0
45.0,59.73,0,monthly,0
60.0,47.14,2,monthly,0
19.0,70.33,1,two_year,0
18.0,68.56,0,monthly,0
6.0,55.7,1,monthly,0
24.0,61.55,0,one_year,0
8.0,48.58,1,two_year,0
50.0,,3,monthly,1
42.0,40.43,1,monthly,0
18.0,107.33,2,one_year,0
70.0,70.68,2,one_year,0
67.0,90.78,1,one_year,0
3.0,43.54,1,monthly,1
13.0,77.59,2,monthly,1
35.0,67.07,2,one_year,0
2.0,91.64,1,one_year,1
18.0,89.22,3,two_year,1
31.0,33.92,1,one_year,0
26.0,95.32,0,monthly,0
39.0,37.11,2,monthly,0
34.0,,2,two_year,0
41.0,68.84,0,one_year,0
29.0,43.63,4,one_year,0
24.0,85.57,1,one_year,0
42.0,70.86,1,monthly,1
57.0,48.15,0,monthly,0
25.0,,0,one_year,0
61.0,80.54,1,monthly,0
70.0,39.78,1,one_year,0
36.0,51.0,0,two_year,0
61.0,110.88,0,two_year,0
60.0,53.06,1,monthly,1
63.0,78.18,3,monthly,0
58.0,79.88,1,two_year,0
68.0,91.21,1,monthly,0
13.0,89.42,0,two_year,0
54.0,20.0,0,monthly,0
11.0,59.31,0,monthly,0
34.0,96.16,1,monthly,0
10.0,52.55,0,two_year,0
63.0,110.27,1,two_year,0
7.0,75.52,0,monthly,0
22.0,43.06,1,one_year,0
56.0,82.53,0,one_year,0
4.0,113.03,1,monthly,1
28.0,,0,two_year,0
53.0,82.39,0,one_year,0
11.0,50.51,2,two_year,0
71.0,57.12,1,monthly,0
40.0,72.59,1,monthly,0
13.0,81.42,1,monthly,1
22.0,77.87,2,one_year,0
,74.74,1,one_year,0
4.0,120.0,1,monthly,1
35.0,46.11,2,monthly,0
30.0,28.9,1,monthly,0
27.0,82.48,1,monthly,1
60.0,74.24,3,two_year,0
62.0,38.3,2,monthly,0
51.0,108.27,3,monthly,0
63.0,54.57,1,monthly,0
71.0,38.88,2,monthly,0
48.0,79.44,4,two_year,0
,84.32,0,monthly,1
46.0,120.0,3,two_year,1
70.0,36.1,0,one_year,0
51.0,41.88,1,two_year,0
28.0,64.03,1,monthly,0
65.0,60.41,0,two_year,0
36.0,68.48,2,one_year,0
8.0,54.4,5,one_year,0
54.0,35.58,0,one_year,0
31.0,60.2,3,one_year,0
34.0,85.84,2,monthly,1
10.0,87.64,2,one_year,1
13.0,55.56,1,monthly,0
64.0,82.06,1,monthly,0
52.0,79.31,1,one_year,0
27.0,59.19,2,monthly,0
66.0,62.36,0,two_year,0
66.0,71.17,0,monthly,0
26.0,120.0,2,two_year,0
26.0,73.81,2,two_year,0
30.0,50.43,0,two_year,0
72.0,66.62,1,two_year,0
23.0,57.79,1,monthly,0
68.0,95.45,1,monthly,0
50.0,22.19,5,monthly,0
65.0,45.87,2,monthly,0
36.0,88.62,1,monthly,0
16.0,79.48,3,monthly,0
17.0,70.83,0,monthly,0
29.0,86.19,1,two_year,0
65.0,40.69,1,monthly,0
71.0,78.31,1,one_year,0
2.0,44.87,3,monthly,1
51.0,41.68,2,one_year,0
61.0,81.29,1,two_year,0
35.0,52.48,1,monthly,0
63.0,62.27,1,monthly,0
25.0,84.13,1,monthly,0
7.0,47.0,1,monthly,1
29.0,83.78,2,monthly,0
2.0,120.0,3,monthly,1
63.0,65.82,2,monthly,0
47.0,91.61,0,one_year,0
64.0,87.43,1,monthly,0
43.0,42.11,1,monthly,0
8.0,39.88,2,two_year,0
13.0,70.38,1,monthly,0
60.0,22.84,0,monthly,0
32.0,71.27,1,monthly,0
29.0,76.06,2,two_year,0
7.0,80.75,1,one_year,1
15.0,80.33,0,one_year,1
30.0,100.01,1,two_year,0
41.0,62.95,0,monthly,0
38.0,100.42,0,two_year,0
34.0,82.2,0,monthly,1
65.0,82.15,3,monthly,0
23.0,66.97,2,one_year,1
28.0,91.72,1,one_year,1
60.0,53.7,1,monthly,0
12.0,86.62,4,monthly,1
13.0,95.33,1,monthly,0
69.0,55.58,0,monthly,0
19.0,49.29,1,two_year,0
46.0,53.62,2,two_year,0
27.0,69.58,4,one_year,0
10.0,78.57,1,one_year,1
40.0,90.0,1,two_year,0
5.0,112.71,2,monthly,1
17.0,106.65,0,two_year,1
28.0,76.61,3,monthly,1
20.0,61.88,2,monthly,0
18.0,43.67,3,monthly,0
1.0,88.88,2,one_year,1
27.0,82.05,0,one_year,0
67.0,64.29,0,one_year,0
20.0,66.84,2,monthly,0
27.0,67.91,0,one_year,0
66.0,20.0,1,two_year,0
66.0,69.26,1,one_year,0
59.0,77.78,1,two_year,0
72.0,67.76,1,monthly,0
49.0,46.83,6,two_year,1
24.0,71.54,2,monthly,0
7.0,81.19,1,two_year,1
59.0,110.62,2,monthly,0
57.0,94.12,0,two_year,0
31.0,83.73,1,monthly,0
29.0,69.36,2,one_year,1
25.0,40.71,0,two_year,0
63.0,60.06,1,one_year,0
45.0,40.06,3,one_year,0
4.0,68.23,0,two_year,0
52.0,94.26,1,monthly,1
11.0,93.87,0,monthly,1
31.0,90.7,1,one_year,0
10.0,,1,two_year,0
40.0,92.62,2,one_year,0
59.0,64.47,0,monthly,0
46.0,26.9,1,monthly,0
69.0,73.59,2,monthly,0
37.0,71.37,1,monthly,0
54.0,31.7,0,monthly,1
20.0,58.71,0,one_year,0
23.0,20.0,0,monthly,0
43.0,59.9,5,two_year,0
4.0,97.49,0,monthly,1
43.0,56.13,1,monthly,0
70.0,99.79,1,monthly,0
38.0,75.59,1,two_year,0
13.0,54.01,0,monthly,0
48.0,30.94,2,monthly,0
59.0,87.24,1,two_year,0
27.0,85.35,1,monthly,1
34.0,37.39,0,two_year,0
24.0,61.1,1,monthly,1
25.0,95.18,1,two_year,0
3.0,53.87,3,monthly,1
30.0,79.31,1,monthly,0
3.0,27.04,3,one_year,0
6.0,49.94,0,two_year,0
13.0,86.68,0,two_year,0
9.0,44.13,0,one_year,0
42.0,38.37,3,two_year,0
63.0,39.47,0,two_year,0
12.0,62.07,0,one_year,0
33.0,35.36,3,monthly,1
64.0,67.98,1,two_year,0
49.0,82.93,2,monthly,1
22.0,104.63,0,monthly,0
24.0,61.57,0,monthly,1
61.0,106.46,2,monthly,0
35.0,82.99,1,monthly,0
63.0,65.55,0,monthly,0
58.0,82.07,3,one_year,0
60.0,104.34,1,one_year,0
47.0,103.82,0,two_year,0
20.0,87.33,2,two_year,0
29.0,68.44,2,two_year,0
52.0,89.05,2,one_year,0
34.0,75.31,1,one_year,0
13.0,74.25,2,one_year,0
72.0,76.29,1,monthly,1
47.0,110.94,0,monthly,0
3.0,43.79,1,one_year,0
45.0,68.79,2,monthly,1
29.0,46.17,1,one_year,0
34.0,89.79,1,monthly,1
10.0,95.29,0,monthly,1
3.0,100.69,0,one_year,0
8.0,62.61,0,monthly,0
8.0,71.72,1,monthly,1
4.0,87.68,2,monthly,1
8.0,74.63,1,monthly,1
56.0,77.08,3,monthly,0
23.0,74.98,1,one_year,0
33.0,76.65,0,monthly,1
32.0,68.04,1,monthly,1
40.0,80.42,2,one_year,0
6.0,38.03,0,two_year,0
22.0,61.26,1,monthly,1
13.0,41.01,0,monthly,0
29.0,68.66,1,monthly,0
10.0,54.33,0,monthly,0
33.0,,0,monthly,0
64.0,98.68,2,monthly,0
60.0,43.01,0,monthly,0
17.0,53.28,1,monthly,0
7.0,77.98,1,monthly,1
72.0,102.75,0,one_year,0
13.0,87.88,1,monthly,1
71.0,80.52,1,monthly,1
13.0,69.37,1,monthly,0
37.0,60.82,3,monthly,0
34.0,79.23,2,monthly,0
22.0,81.82,1,monthly,1
35.0,74.24,2,two_year,0
34.0,57.71,2,one_year,0
49.0,34.94,2,monthly,0
47.0,51.73,3,monthly,0
72.0,62.28,1,monthly,0
35.0,44.79,3,monthly,0
67.0,77.85,1,monthly,0
34.0,38.97,0,one_year,0
18.0,63.84,0,monthly,0
38.0,78.41,0,monthly,1
30.0,88.73,0,one_year,0
,76.01,0,one_year,0
39.0,97.46,0,monthly,0
,57.41,1,two_year,0
57.0,53.37,3,monthly,0
45.0,94.82,1,monthly,0
37.0,51.05,0,one_year,0
37.0,67.13,4,one_year,1
12.0,32.08,3,two_year,0
60.0,95.54,0,two_year,0
4.0,86.53,1,one_year,1
12.0,53.89,2,one_year,1
25.0,31.75,0,one_year,0
37.0,76.2,1,monthly,0
44.0,76.61,1,one_year,0
58.0,,1,monthly,1
13.0,111.74,0,monthly,0
31.0,75.78,0,monthly,0
33.0,65.71,0,monthly,0
71.0,65.28,3,two_year,0
28.0,63.85,1,one_year,0
69.0,40.12,2,one_year,0
70.0,50.59,0,monthly,0
13.0,68.57,1,monthly,0
51.0,33.98,1,monthly,0
53.0,41.32,0,one_year,0
71.0,97.57,0,two_year,0
29.0,55.55,3,one_year,0
38.0,88.27,1,two_year,0
65.0,94.88,4,monthly,1
36.0,70.7,1,one_year,0
53.0,88.93,1,monthly,0
71.0,66.51,1,monthly,0
18.0,51.1,2,monthly,0
30.0,68.1,2,monthly,1
35.0,72.07,0,monthly,0
40.0,73.23,1,monthly,0
49.0,72.14,1,monthly,0
2.0,61.78,1,one_year,0
23.0,94.12,0,monthly,0
13.0,66.17,1,monthly,0
70.0,61.38,2,monthly,0
,91.16,0,monthly,0
52.0,48.47,1,two_year,0
18.0,70.53,1,two_year,0
23.0,103.31,1,monthly,0
32.0,72.08,0,two_year,0
50.0,102.14,0,two_year,0
65.0,65.02,0,monthly,0
68.0,59.45,1,monthly,0
16.0,67.17,0,one_year,0
33.0,58.38,0,monthly,0
4.0,62.87,1,two_year,0
20.0,61.07,2,monthly,1
41.0,88.53,1,one_year,0
70.0,79.66,2,one_year,0
27.0,66.19,1,monthly,0
11.0,54.27,0,two_year,0
4.0,120.0,1,monthly,1
65.0,66.43,0,monthly,0
55.0,101.88,3,monthly,0
1.0,44.82,1,monthly,1
68.0,54.53,2,one_year,0
27.0,98.0,1,monthly,1
,46.6,0,two_year,0
61.0,47.24,3,monthly,0
58.0,69.63,3,two_year,0
42.0,54.75,0,monthly,1
55.0,64.4,1,monthly,0
36.0,74.28,0,monthly,0
71.0,90.09,1,monthly,0
4.0,74.93,2,monthly,1
11.0,77.39,1,monthly,0
3.0,100.16,0,two_year,0
,102.16,1,one_year,0
26.0,63.1,1,one_year,0
51.0,29.93,3,monthly,1
66.0,48.63,0,two_year,0
69.0,94.57,1,monthly,0
16.0,60.35,1,one_year,0
61.0,55.28,0,two_year,0
52.0,60.97,1,one_year,0
40.0,106.1,2,monthly,0
28.0,72.22,0,monthly,0
48.0,62.63,2,two_year,0
58.0,55.49,1,one_year,0
18.0,46.72,0,one_year,0
36.0,120.0,1,monthly,0
25.0,70.1,2,monthly,0
21.0,74.3,0,two_year,0
11.0,63.95,1,monthly,0
,94.57,1,two_year,0
30.0,48.73,0,monthly,0
69.0,28.55,2,monthly,0
60.0,58.25,1,monthly,0
16.0,78.41,1,monthly,0
25.0,120.0,1,one_year,0
14.0,69.32,0,one_year,0
64.0,51.96,1,monthly,0
21.0,65.98,3,monthly,0
15.0,53.73,2,one_year,0
41.0,53.64,1,monthly,1
47.0,73.01,2,monthly,0
70.0,77.54,0,two_year,0
17.0,56.43,1,one_year,0
66.0,95.31,0,monthly,0
46.0,69.33,1,two_year,0
36.0,73.55,0,one_year,0
57.0,59.63,2,one_year,1
63.0,,0,monthly,0
64.0,80.13,0,one_year,0
28.0,85.72,0,monthly,1
55.0,53.01,2,monthly,0
54.0,85.06,2,monthly,0
11.0,58.5,0,monthly,1
5.0,73.27,2,monthly,1
50.0,87.6,3,monthly,0
1.0,104.65,0,one_year,0
22.0,61.22,3,one_year,0
49.0,46.61,0,one_year,0
37.0,74.27,2,two_year,0
37.0,98.22,2,monthly,1
11.0,63.89,3,monthly,1
62.0,120.0,1,monthly,0
32.0,29.47,0,monthly,0
45.0,104.48,2,monthly,1
48.0,97.03,2,monthly,0
34.0,95.82,0,monthly,0
9.0,52.83,0,monthly,0
14.0,101.31,2,one_year,0
43.0,97.14,2,monthly,0
22.0,98.91,0,one_year,0
64.0,66.26,1,monthly,0
27.0,65.89,1,monthly,0
38.0,99.96,1,monthly,0
35.0,78.98,1,monthly,0
24.0,63.27,2,monthly,1
54.0,52.81,0,one_year,0
15.0,77.11,3,two_year,0
43.0,41.25,2,monthly,0
34.0,84.05,1,one_year,0
11.0,74.74,1,one_year,0
29.0,36.89,2,one_year,0
,81.32,1,monthly,1
50.0,97.91,0,two_year,0
22.0,76.78,0,monthly,0
54.0,41.82,1,monthly,0
72.0,57.82,3,monthly,0
51.0,89.79,1,two_year,0
40.0,42.45,1,one_year,0
55.0,62.94,1,two_year,0
38.0,96.58,0,monthly,1
57.0,64.91,2,one_year,0
71.0,58.33,2,one_year,0
53.0,89.06,3,monthly,0
62.0,106.88,1,one_year,0
19.0,79.99,0,one_year,0
8.0,41.75,2,monthly,0
42.0,35.45,1,one_year,0
24.0,,0,monthly,0
29.0,31.13,1,monthly,0
18.0,69.26,2,monthly,1
6.0,91.29,0,monthly,0
41.0,20.0,2,one_year,0
46.0,67.19,1,one_year,0
66.0,78.31,0,monthly,0
11.0,59.13,3,monthly,1
11.0,,0,monthly,0
50.0,82.2,1,one_year,0
5.0,94.4,0,monthly,1
39.0,120.0,1,monthly,1
2.0,78.23,3,monthly,1
6.0,51.17,1,monthly,1
2.0,48.37,1,monthly,0
31.0,43.67,0,two_year,0
66.0,86.87,1,monthly,0
40.0,78.65,0,one_year,0
11.0,81.42,1,monthly,0
18.0,75.49,1,one_year,0
22.0,106.49,0,monthly,1
68.0,95.36,0,monthly,0
33.0,93.55,2,monthly,0
69.0,55.99,0,one_year,0
57.0,63.91,0,one_year,0
8.0,42.14,2,one_year,0
71.0,56.62,3,monthly,0
52.0,73.03,1,monthly,0
21.0,43.91,2,monthly,0
31.0,56.9,1,monthly,0
41.0,115.86,6,one_year,1
61.0,66.96,3,monthly,0
24.0,37.73,2,monthly,1
68.0,43.38,4,monthly,0
8.0,69.13,2,one_year,0
37.0,89.77,1,monthly,1
41.0,69.1,2,monthly,0
46.0,90.3,0,one_year,0
50.0,78.01,0,one_year,0
27.0,46.35,1,monthly,1
20.0,93.97,1,monthly,1
48.0,61.01,1,two_year,0
45.0,112.88,3,monthly,0
72.0,58.01,1,one_year,0
35.0,67.9,0,monthly,0
24.0,59.0,0,one_year,0
15.0,,0,monthly,0
3.0,81.24,2,monthly,1
72.0,66.94,0,one_year,0
70.0,97.41,0,monthly,0
36.0,80.58,0,two_year,0
2.0,106.26,0,one_year,0
40.0,72.72,0,monthly,0
50.0,99.84,0,monthly,0
52.0,97.88,1,monthly,0
42.0,68.03,0,two_year,0
7.0,120.0,0,monthly,1
30.0,104.83,5,monthly,0
3.0,83.38,1,monthly,1
67.0,66.93,1,one_year,0
67.0,69.54,2,one_year,0
9.0,67.58,2,monthly,0
7.0,77.71,2,monthly,1
18.0,46.29,0,one_year,0
14.0,72.68,0,monthly,1
60.0,58.06,1,monthly,0
57.0,108.38,1,one_year,0
1.0,88.48,1,monthly,1
43.0,108.51,2,monthly,1
19.0,120.0,2,monthly,0
12.0,82.15,1,monthly,1
13.0,116.25,2,monthly,1
46.0,79.97,1,monthly,0
31.0,85.61,0,two_year,0
14.0,50.66,0,monthly,1
54.0,73.51,1,monthly,1
21.0,103.39,0,monthly,1
69.0,82.69,0,two_year,0
35.0,63.37,0,two_year,0
18.0,71.86,2,one_year,0
37.0,55.39,1,two_year,0
1.0,56.83,1,one_year,0
47.0,39.88,0,one_year,0
54.0,96.3,1,monthly,0
60.0,95.97,1,monthly,0
,69.3,3,one_year,0
,42.01,2,one_year,0
2.0,66.45,2,two_year,1
46.0,116.24,0,monthly,0
45.0,42.31,0,two_year,0
27.0,60.56,0,monthly,0
43.0,61.29,1,two_year,0
13.0,89.44,2,two_year,0
40.0,43.61,1,monthly,0
7.0,77.57,1,monthly,0
46.0,53.52,1,two_year,0
63.0,63.85,1,two_year,0
21.0,44.83,4,one_year,0
19.0,83.41,1,monthly,0
65.0,60.84,1,monthly,0
72.0,58.66,1,monthly,0
16.0,96.03,0,two_year,0
55.0,79.45,0,two_year,0
69.0,120.0,2,monthly,0
62.0,81.13,0,one_year,0
69.0,73.67,2,two_year,0
49.0,74.59,2,monthly,1
60.0,120.0,2,two_year,0
,99.48,1,monthly,0
28.0,65.6,0,monthly,0
34.0,78.96,2,monthly,0
69.0,60.45,2,monthly,0
12.0,86.59,1,one_year,1
16.0,60.78,2,monthly,0
32.0,59.55,1,monthly,0
36.0,81.69,0,monthly,0
38.0,101.88,1,one_year,0
37.0,90.82,2,monthly,0
6.0,88.45,0,monthly,1
11.0,72.82,2,monthly,0
4.0,20.0,1,one_year,0
72.0,68.15,3,two_year,0
47.0,67.21,2,one_year,0
14.0,83.64,0,one_year,0
29.0,110.65,1,one_year,0
35.0,88.6,0,monthly,1
61.0,33.16,1,monthly,0
7.0,72.26,1,monthly,1
16.0,66.5,2,two_year,0
21.0,87.64,3,monthly,1
45.0,,0,one_year,0
60.0,29.28,2,monthly,0
30.0,51.57,1,monthly,1
49.0,64.48,0,monthly,0
22.0,26.16,0,monthly,0
27.0,68.78,0,one_year,0
20.0,65.16,4,monthly,1
47.0,95.23,1,one_year,0
49.0,68.83,0,monthly,1
13.0,57.56,1,monthly,0
42.0,68.58,2,monthly,0
48.0,71.73,4,monthly,0
34.0,92.9,2,monthly,1
65.0,50.08,2,one_year,0
7.0,21.21,2,two_year,0
2.0,120.0,1,two_year,1
55.0,88.08,1,monthly,0
22.0,72.12,1,monthly,0
58.0,120.0,0,monthly,0
19.0,45.8,0,one_year,0
8.0,53.57,1,monthly,0
,61.38,1,one_year,0
19.0,82.01,1,monthly,0
66.0,60.89,0,two_year,0
50.0,88.5,3,monthly,1
50.0,63.28,1,monthly,0
52.0,100.01,2,monthly,0
45.0,81.44,0,two_year,0
70.0,34.16,0,one_year,0
45.0,70.33,1,monthly,0
64.0,45.61,0,monthly,0
49.0,67.93,0,one_year,0
54.0,70.97,1,monthly,0
21.0,120.0,3,monthly,1
7.0,65.72,2,two_year,0
15.0,35.0,1,two_year,0
10.0,73.3,2,monthly,1
6.0,44.91,1,monthly,0
12.0,111.65,3,two_year,1
12.0,86.66,1,monthly,0
24.0,105.93,1,two_year,0
15.0,61.91,0,two_year,0
19.0,47.49,3,one_year,0
58.0,77.29,1,one_year,0
46.0,40.05,3,one_year,0
24.0,49.18,3,monthly,0
,53.77,1,one_year,0
28.0,67.48,2,monthly,0
50.0,36.68,0,one_year,0
54.0,24.61,1,one_year,0
72.0,102.66,1,monthly,0
70.0,58.56,0,one_year,0
14.0,66.6,2,monthly,0
8.0,84.01,1,two_year,0
57.0,80.53,1,one_year,0
43.0,56.08,0,monthly,0
20.0,60.75,1,one_year,0
31.0,106.84,1,monthly,0
28.0,98.92,1,monthly,1
14.0,87.55,1,monthly,1
51.0,108.1,0,monthly,0
25.0,28.69,0,monthly,0
1.0,73.88,1,monthly,1
57.0,64.73,0,monthly,1
2.0,27.92,2,one_year,0
20.0,78.61,2,monthly,1
49.0,85.51,1,two_year,0
41.0,76.89,0,monthly,0
32.0,30.57,0,one_year,0
33.0,66.24,0,monthly,0
5.0,75.91,1,two_year,1
2.0,65.79,1,one_year,0
28.0,77.47,0,one_year,0
62.0,82.38,1,monthly,0
57.0,103.06,1,one_year,0
63.0,76.49,2,monthly,0
12.0,120.0,1,one_year,0
61.0,76.18,0,two_year,0
21.0,77.73,0,monthly,0
32.0,88.84,0,monthly,0
32.0,69.74,0,one_year,0
31.0,64.12,1,two_year,0
19.0,99.22,1,two_year,0
49.0,23.45,3,monthly,0
10.0,31.71,2,two_year,0
72.0,118.06,0,monthly,0
2.0,88.01,1,monthly,1
36.0,83.65,0,one_year,0
49.0,78.34,2,monthly,0
22.0,77.86,3,two_year,0
22.0,50.31,5,monthly,1
35.0,65.17,0,monthly,0
42.0,48.56,0,two_year,0
42.0,97.46,0,monthly,0
41.0,85.89,0,monthly,0
46.0,77.0,3,one_year,0
29.0,80.36,1,two_year,0
68.0,68.67,0,monthly,1
68.0,45.81,2,one_year,0
42.0,109.93,1,monthly,0
55.0,86.28,1,monthly,0
60.0,67.81,0,monthly,1
4.0,84.98,1,monthly,1
34.0,100.26,0,one_year,0
66.0,98.21,2,monthly,0
33.0,86.59,1,monthly,0
29.0,90.29,0,one_year,0
66.0,66.63,3,two_year,0
58.0,102.13,2,one_year,0
21.0,93.09,1,monthly,0
38.0,93.12,0,two_year,0
22.0,42.64,2,monthly,0
21.0,86.23,2,monthly,1
40.0,86.79,1,two_year,0
1.0,89.77,0,monthly,1
9.0,20.0,1,monthly,1
16.0,29.7,2,monthly,0
12.0,77.93,2,monthly,1
19.0,50.34,1,monthly,0
38.0,80.24,1,two_year,0
64.0,69.47,2,monthly,0
47.0,90.83,1,monthly,0
27.0,58.84,0,monthly,0
71.0,47.45,1,two_year,0
21.0,83.12,1,monthly,1
,65.08,2,monthly,1
33.0,44.83,2,one_year,0
4.0,,3,two_year,0
5.0,120.0,0,monthly,1
50.0,63.05,0,two_year,0
40.0,65.7,1,monthly,0
65.0,26.87,0,monthly,0
59.0,48.13,1,one_year,0
7.0,67.47,2,monthly,1
45.0,78.42,0,monthly,0
22.0,88.57,1,monthly,1
35.0,54.14,2,monthly,1
50.0,81.87,3,two_year,0
69.0,96.96,0,one_year,0
47.0,59.43,1,monthly,0
63.0,69.4,0,monthly,0
63.0,30.25,0,one_year,0
17.0,52.5,0,two_year,0
48.0,39.74,1,one_year,0
65.0,86.05,0,one_year,0
69.0,66.82,2,monthly,1
68.0,106.85,1,one_year,0
,75.2,2,two_year,0
69.0,89.03,3,monthly,1
54.0,82.59,1,monthly,0
38.0,75.56,2,monthly,1
43.0,46.74,0,one_year,0
9.0,,2,one_year,0
29.0,68.92,0,monthly,1
18.0,29.33,2,monthly,0
52.0,57.91,2,two_year,0
40.0,46.0,4,monthly,0
61.0,97.65,1,monthly,1
52.0,94.73,1,monthly,0
42.0,105.68,0,monthly,0
2.0,120.0,0,monthly,1
52.0,56.27,1,two_year,0
30.0,28.17,1,monthly,1
30.0,49.65,1,monthly,0
69.0,80.27,2,two_year,0
,20.0,0,monthly,0
50.0,57.32,1,monthly,0
28.0,90.15,1,monthly,1
62.0,51.62,2,monthly,0
45.0,68.25,1,monthly,0
62.0,50.34,1,one_year,0
43.0,110.71,0,one_year,0
72.0,115.35,2,one_year,0
37.0,47.86,0,one_year,0
8.0,51.74,1,one_year,1
67.0,74.06,1,monthly,0
64.0,87.03,3,one_year,0
51.0,81.13,3,one_year,0
17.0,86.44,0,monthly,0
43.0,94.29,4,monthly,1
44.0,99.59,2,monthly,0
52.0,115.15,0,two_year,0
7.0,,1,monthly,1
52.0,62.11,2,monthly,0
5.0,71.34,1,one_year,1
24.0,120.0,1,one_year,0
70.0,92.48,1,two_year,0
23.0,89.72,2,one_year,0
11.0,104.23,1,monthly,1
44.0,101.78,1,monthly,0
10.0,120.0,1,one_year,1
11.0,55.25,0,one_year,0
39.0,78.31,1,two_year,0
59.0,90.92,2,monthly,0
9.0,92.41,3,one_year,1
56.0,64.81,2,monthly,0
5.0,36.46,1,monthly,0
47.0,67.31,2,two_year,0
44.0,57.66,2,monthly,0
24.0,71.0,0,monthly,0
53.0,98.56,3,two_year,0
71.0,89.36,1,one_year,0
32.0,47.13,0,monthly,0
54.0,56.06,2,one_year,0
53.0,77.6,0,two_year,0
63.0,99.17,3,two_year,0
21.0,71.6,1,monthly,0
52.0,78.01,1,monthly,1
54.0,38.29,1,monthly,0
41.0,61.63,3,monthly,0
39.0,54.59,0,one_year,0
21.0,,1,two_year,0
23.0,66.29,1,monthly,0
13.0,52.3,0,monthly,0
56.0,47.4,0,monthly,0
59.0,76.91,0,one_year,0
67.0,57.09,0,one_year,0
45.0,97.9,0,monthly,0
20.0,75.31,3,one_year,0
18.0,65.65,0,two_year,0
63.0,92.46,2,two_year,0
16.0,44.31,1,monthly,0
59.0,92.46,3,one_year,0
36.0,55.07,2,one_year,1
62.0,88.08,0,two_year,0
46.0,55.86,1,monthly,0
21.0,49.72,0,monthly,0
55.0,29.17,0,monthly,0
22.0,72.21,2,monthly,1
35.0,82.22,3,monthly,0
5.0,39.23,0,two_year,0
19.0,111.62,0,one_year,0
26.0,70.7,1,one_year,0
49.0,45.28,2,one_year,0
60.0,115.68,2,monthly,0
10.0,61.7,0,monthly,1
42.0,,2,monthly,0
13.0,20.0,0,two_year,0
61.0,120.0,3,one_year,0
27.0,75.25,1,one_year,1
21.0,70.79,0,one_year,0
41.0,78.2,4,one_year,0
44.0,44.49,1,two_year,0
2.0,91.95,3,one_year,1
35.0,80.85,2,two_year,0
10.0,,3,two_year,0
67.0,57.82,2,one_year,0
51.0,44.23,2,two_year,0
35.0,78.96,2,monthly,0
,89.42,0,monthly,1
41.0,73.88,1,two_year,0
33.0,66.14,0,monthly,0
16.0,58.82,1,monthly,1
34.0,86.97,0,monthly,0
35.0,103.72,3,one_year,1
13.0,,1,monthly,0
24.0,51.23,0,one_year,0
70.0,120.0,0,monthly,0
51.0,35.26,0,one_year,0
67.0,76.5,1,two_year,0
32.0,68.28,1,one_year,0
46.0,100.44,0,monthly,1
62.0,67.49,0,one_year,0
7.0,32.83,1,two_year,0
11.0,44.81,1,one_year,0
50.0,73.07,1,monthly,0
18.0,70.08,1,monthly,0
59.0,55.54,2,two_year,0
34.0,57.86,2,one_year,0
25.0,35.13,1,monthly,0
36.0,36.95,2,one_year,0
11.0,56.32,1,one_year,0
24.0,54.96,1,monthly,0
,67.4,1,two_year,0
32.0,43.87,1,monthly,0
46.0,106.14,2,monthly,0
3.0,30.86,1,monthly,1
29.0,90.42,0,monthly,0
18.0,83.24,1,two_year,0
22.0,106.76,1,one_year,0
48.0,102.27,4,monthly,0
67.0,41.0,1,monthly,0
21.0,79.04,3,monthly,1
7.0,88.34,3,one_year,1
36.0,92.48,1,two_year,0
23.0,82.81,1,monthly,0
42.0,58.27,1,monthly,1
35.0,100.49,0,monthly,0
7.0,68.58,1,monthly,1
43.0,60.25,0,one_year,0
8.0,75.55,1,two_year,0
19.0,61.25,2,monthly,0
15.0,56.25,0,monthly,0
43.0,74.16,0,monthly,0
62.0,120.0,0,monthly,0
9.0,78.74,1,one_year,1
22.0,73.33,2,monthly,1
39.0,61.33,1,one_year,0
44.0,79.46,3,one_year,0
7.0,44.81,1,monthly,0
55.0,82.54,2,one_year,0
29.0,77.65,1,monthly,0
34.0,73.55,1,one_year,0
52.0,82.32,0,monthly,0
44.0,67.1,2,one_year,0
15.0,86.58,1,one_year,1
12.0,83.72,1,one_year,0
11.0,,2,monthly,1
42.0,71.66,2,two_year,0
70.0,91.5,1,monthly,0
64.0,67.46,1,one_year,0
31.0,100.66,2,monthly,0
33.0,69.06,2,monthly,0
5.0,100.42,1,one_year,1
60.0,77.34,1,monthly,0
31.0,70.91,3,one_year,0
53.0,48.9,0,monthly,0
20.0,85.88,0,one_year,1
20.0,79.73,1,one_year,0
59.0,72.71,2,two_year,0
24.0,80.86,3,monthly,1
64.0,74.65,3,monthly,0
9.0,50.96,2,two_year,0
55.0,45.12,1,monthly,0
68.0,85.91,0,monthly,0
49.0,75.76,1,one_year,0
7.0,106.02,0,monthly,1
42.0,117.1,1,two_year,0
9.0,90.38,3,one_year,1
5.0,86.13,0,one_year,0
43.0,84.48,1,monthly,0
47.0,74.06,1,two_year,0
2.0,57.3,0,two_year,0
28.0,20.0,2,one_year,0
12.0,88.96,1,two_year,0
21.0,84.99,1,monthly,0
61.0,72.49,1,one_year,0
41.0,74.65,2,two_year,0
22.0,93.64,0,monthly,0
18.0,92.43,1,monthly,0
61.0,76.09,1,monthly,0
72.0,66.14,3,monthly,0
34.0,85.31,0,monthly,0
44.0,89.8,2,two_year,0
10.0,120.0,2,two_year,1
54.0,51.23,2,one_year,0
54.0,82.97,1,one_year,0
8.0,51.87,0,one_year,0
19.0,61.48,1,monthly,1
3.0,120.0,1,monthly,1
18.0,62.37,1,monthly,1
13.0,68.9,0,monthly,1
1.0,58.7,0,one_year,1
14.0,91.19,2,monthly,0
10.0,62.23,4,monthly,1
40.0,34.1,4,monthly,0
69.0,74.88,0,monthly,0
48.0,90.34,1,two_year,0
59.0,71.09,0,monthly,0
65.0,75.19,1,monthly,0
63.0,55.87,2,monthly,1
7.0,50.39,2,monthly,1
49.0,71.66,0,monthly,1
36.0,45.88,0,one_year,0
28.0,61.52,1,monthly,1
48.0,49.09,0,two_year,0
44.0,66.1,1,monthly,1
30.0,89.36,3,monthly,1
48.0,70.58,1,two_year,0
6.0,96.97,4,monthly,1
28.0,79.57,0,one_year,0
7.0,68.33,1,monthly,1
6.0,50.77,1,monthly,1
1.0,73.53,0,monthly,0
34.0,44.92,2,monthly,0
24.0,88.29,1,monthly,0
50.0,40.75,1,monthly,0
12.0,39.65,1,monthly,0
23.0,51.75,1,monthly,0
69.0,33.21,1,one_year,0
26.0,73.42,3,monthly,1
46.0,53.53,0,monthly,0
30.0,60.56,0,two_year,0
8.0,84.97,0,monthly,1
18.0,21.04,2,one_year,1
48.0,65.36,0,monthly,0
18.0,,1,two_year,0
37.0,94.01,2,monthly,0
16.0,73.94,1,two_year,0
60.0,55.79,1,monthly,0
52.0,92.04,2,monthly,0
14.0,91.88,2,one_year,0
70.0,120.0,3,monthly,1
25.0,119.58,2,one_year,0
55.0,66.3,1,one_year,1
36.0,101.96,2,monthly,0
53.0,75.73,1,one_year,0
37.0,47.97,2,monthly,0
52.0,86.94,4,two_year,0
11.0,100.53,0,monthly,0
29.0,20.0,0,monthly,0
60.0,101.08,0,one_year,0
36.0,52.24,0,monthly,0
12.0,107.33,1,monthly,0
20.0,76.33,2,two_year,0
34.0,74.39,0,monthly,0
63.0,102.55,2,monthly,1
41.0,63.46,1,monthly,1
9.0,118.24,1,one_year,0
32.0,49.24,0,one_year,0
17.0,57.37,1,one_year,0
25.0,46.38,1,monthly,0
40.0,83.08,0,monthly,0
52.0,69.27,2,monthly,0
45.0,88.91,0,monthly,0
,95.57,0,monthly,0
6.0,88.76,1,two_year,0
50.0,95.15,3,monthly,1
60.0,95.38,1,monthly,0
55.0,68.77,1,one_year,0
8.0,53.96,5,monthly,0
67.0,48.42,1,monthly,0
,87.44,2,two_year,0
36.0,,0,two_year,0
45.0,48.54,0,monthly,0
31.0,51.44,3,two_year,0
11.0,65.44,0,monthly,0
67.0,75.5,0,one_year,0
21.0,,1,one_year,0
70.0,46.99,1,one_year,0
37.0,82.36,2,monthly,1
63.0,20.0,0,monthly,0
3.0,62.69,1,two_year,0
15.0,93.34,2,monthly,1
14.0,75.83,2,monthly,1
66.0,96.61,0,one_year,0
20.0,72.07,3,one_year,1
47.0,82.74,0,two_year,0
65.0,70.6,0,monthly,0
38.0,59.89,2,one_year,0
38.0,78.08,3,monthly,0
10.0,91.4,0,monthly,1
37.0,25.0,1,monthly,0
12.0,51.0,1,monthly,0
36.0,21.97,4,monthly,0
63.0,48.08,1,monthly,0
54.0,40.09,0,two_year,0
21.0,58.11,4,monthly,0
47.0,62.18,2,monthly,0
35.0,90.37,2,two_year,0
32.0,96.52,0,one_year,0
31.0,50.55,1,one_year,0
70.0,57.49,1,two_year,0
28.0,82.65,0,one_year,0
46.0,54.07,2,monthly,0
31.0,59.41,1,two_year,0
39.0,,1,monthly,0
21.0,84.92,2,two_year,0
1.0,74.39,1,monthly,1
65.0,46.85,3,monthly,0
54.0,38.69,2,monthly,0
38.0,44.52,0,monthly,0
70.0,78.33,0,two_year,0
22.0,57.56,2,two_year,0
39.0,40.99,1,one_year,0
16.0,61.12,0,monthly,0
31.0,87.82,1,monthly,0
58.0,96.71,1,monthly,0
50.0,98.82,0,one_year,0
57.0,71.64,1,monthly,0
43.0,74.75,0,monthly,0
60.0,,0,monthly,0
8.0,84.09,1,two_year,0
43.0,82.42,1,two_year,0
3.0,47.54,3,monthly,1
24.0,52.67,0,two_year,0
2.0,60.55,2,monthly,0
16.0,85.09,1,one_year,0
43.0,57.77,1,monthly,0
27.0,51.98,2,monthly,0
26.0,92.18,0,one_year,0
7.0,102.05,1,monthly,1
43.0,48.9,1,monthly,0
20.0,66.19,2,one_year,0
13.0,95.21,0,one_year,0
26.0,60.32,0,two_year,0
41.0,89.92,1,monthly,0
9.0,37.49,2,monthly,0
59.0,64.37,0,monthly,0
11.0,84.05,0,monthly,1
27.0,103.67,0,monthly,1
9.0,90.63,1,monthly,0
60.0,32.93,0,one_year,0
29.0,34.82,0,monthly,0
11.0,49.76,0,one_year,0
67.0,87.84,2,monthly,0
65.0,85.6,1,monthly,0
70.0,93.6,2,monthly,0
31.0,84.72,0,monthly,0
8.0,56.37,0,monthly,0
28.0,60.73,0,monthly,0
43.0,49.21,0,one_year,0
35.0,,2,two_year,0
1.0,40.89,0,monthly,0
17.0,70.59,0,monthly,1
48.0,74.69,4,one_year,0
6.0,96.8,1,monthly,1
46.0,52.02,2,monthly,0
,78.13,2,two_year,0
37.0,46.71,1,monthly,0
15.0,92.19,3,two_year,0
21.0,61.02,1,one_year,0
14.0,62.27,0,monthly,0
34.0,47.82,2,monthly,0
9.0,55.54,1,monthly,0
3.0,54.64,0,monthly,0
54.0,55.47,0,two_year,0
48.0,95.15,3,monthly,0
45.0,47.02,2,monthly,0
,74.62,0,monthly,0
7.0,87.94,1,monthly,1
7.0,43.77,2,monthly,1
16.0,21.0,1,two_year,0
72.0,79.72,3,one_year,0
3.0,32.2,1,two_year,0
13.0,51.78,4,one_year,0
4.0,66.99,0,two_year,0
66.0,75.33,2,one_year,0
53.0,63.19,1,monthly,0
71.0,53.43,1,one_year,0
40.0,91.42,3,monthly,1
31.0,74.21,1,monthly,1
60.0,112.24,3,two_year,1
61.0,49.01,2,monthly,0
47.0,67.18,1,monthly,0
41.0,68.24,1,two_year,0
59.0,81.3,1,monthly,0
20.0,74.4,1,monthly,0
55.0,69.79,1,monthly,0
50.0,113.05,1,monthly,0
32.0,65.69,2,two_year,0
26.0,79.13,2,monthly,1
13.0,73.49,2,two_year,0
12.0,55.66,0,monthly,0
6.0,85.91,2,two_year,1
56.0,27.65,0,two_year,0
68.0,94.85,1,one_year,0
14.0,34.59,0,one_year,1
12.0,62.29,0,monthly,0
68.0,71.56,3,monthly,0
63.0,58.32,0,one_year,0
15.0,57.68,1,monthly,0
45.0,96.06,0,monthly,1
24.0,120.0,3,one_year,0
40.0,92.62,1,one_year,0
58.0,72.95,0,two_year,0
45.0,55.32,2,monthly,0
,52.18,1,two_year,0
46.0,96.36,2,monthly,1
29.0,89.31,2,one_year,0
,98.78,1,monthly,1
44.0,91.73,0,two_year,0
9.0,98.94,0,monthly,1
68.0,55.94,1,monthly,0
31.0,51.77,2,two_year,0
21.0,46.71,1,one_year,0
44.0,68.69,1,one_year,0
20.0,65.0,1,monthly,1
1.0,71.77,0,monthly,0
8.0,42.43,0,one_year,0
47.0,73.11,0,one_year,0
50.0,87.24,1,one_year,0
56.0,71.0,0,one_year,0
50.0,20.0,0,one_year,0
32.0,68.74,2,monthly,0
9.0,61.29,0,monthly,0
61.0,89.66,0,monthly,0
52.0,65.69,0,one_year,0
17.0,83.35,2,monthly,1
21.0,60.64,1,one_year,0
45.0,76.52,1,one_year,0
37.0,90.87,4,two_year,0
28.0,63.21,2,two_year,0
41.0,76.12,1,monthly,0
53.0,72.85,0,one_year,0
43.0,82.85,2,monthly,1
13.0,66.59,2,monthly,1
40.0,79.83,3,monthly,1
62.0,28.6,1,two_year,0
29.0,64.09,1,one_year,0
55.0,87.6,3,monthly,0
51.0,84.11,4,monthly,0
,47.83,3,one_year,0
16.0,51.47,2,two_year,0
34.0,78.02,2,monthly,1
63.0,77.18,3,monthly,0
50.0,79.51,2,one_year,0
28.0,70.62,1,one_year,0
2.0,71.57,1,two_year,0
56.0,92.18,0,monthly,0
1.0,48.54,1,monthly,1
44.0,38.54,2,two_year,0
5.0,91.56,2,monthly,1
33.0,,0,monthly,0
16.0,84.4,0,monthly,1
35.0,54.17,1,one_year,0
54.0,44.75,1,monthly,0
38.0,103.32,1,monthly,0
23.0,67.6,3,one_year,0
31.0,37.99,0,two_year,0
31.0,64.24,1,two_year,0
41.0,,0,monthly,0
31.0,64.4,0,one_year,0
35.0,72.67,1,monthly,0
67.0,43.52,1,two_year,0
61.0,62.67,1,one_year,0
13.0,78.89,3,one_year,0
19.0,82.6,2,two_year,0
51.0,70.81,1,monthly,0
55.0,51.19,0,one_year,0
27.0,25.35,2,monthly,0
30.0,101.2,0,one_year,0
9.0,44.19,1,monthly,0
62.0,58.92,0,one_year,0
71.0,69.22,0,monthly,0
60.0,78.76,1,monthly,0
71.0,68.38,4,one_year,0
6.0,50.91,3,one_year,0
55.0,68.06,2,one_year,0
67.0,114.67,2,monthly,1
48.0,120.0,3,one_year,1
59.0,64.12,4,one_year,0
5.0,83.22,1,one_year,1
48.0,30.39,0,monthly,0
50.0,73.69,1,monthly,0
14.0,84.74,1,one_year,1
19.0,62.39,1,monthly,1
60.0,109.23,0,two_year,0
25.0,88.41,2,monthly,1
43.0,82.64,0,monthly,0
49.0,20.0,0,monthly,0
17.0,55.57,0,monthly,0
21.0,84.83,6,two_year,0
47.0,58.3,3,two_year,0
19.0,30.33,4,two_year,0
9.0,56.4,2,one_year,0
44.0,102.73,2,two_year,0
51.0,84.17,2,monthly,1
40.0,88.31,2,monthly,0
14.0,73.5,0,monthly,0
12.0,104.85,0,monthly,1
23.0,20.0,1,two_year,0
39.0,42.89,1,one_year,0
2.0,111.62,1,monthly,1
8.0,92.5,1,monthly,1
27.0,74.67,0,one_year,0
39.0,61.75,0,one_year,0
44.0,29.34,2,monthly,0
5.0,59.9,2,monthly,0
48.0,66.21,0,monthly,0
52.0,,1,monthly,0
,99.71,1,one_year,0
15.0,92.11,1,monthly,0
21.0,63.12,4,monthly,1
37.0,89.27,1,two_year,0
,68.44,0,monthly,1
19.0,75.36,0,monthly,1
26.0,58.78,1,two_year,0
22.0,120.0,0,monthly,1
57.0,36.33,3,monthly,0
23.0,66.25,2,two_year,0
68.0,92.27,0,monthly,1
16.0,92.08,3,two_year,0
67.0,33.58,5,one_year,1
43.0,48.53,0,monthly,0
7.0,67.29,1,monthly,1
31.0,51.76,0,two_year,0
10.0,54.64,0,monthly,0
24.0,63.87,0,monthly,0
27.0,66.01,1,two_year,0
30.0,93.79,2,monthly,0
41.0,31.87,1,two_year,0
69.0,92.8,2,one_year,1
4.0,64.46,2,one_year,0
36.0,82.37,1,monthly,0
7.0,61.79,0,one_year,0
29.0,120.0,0,two_year,0
60.0,29.73,0,monthly,0
63.0,95.7,1,monthly,0
72.0,59.69,3,monthly,0
53.0,64.44,1,monthly,0
32.0,,0,monthly,1
49.0,65.11,3,two_year,0
58.0,89.59,3,monthly,0
22.0,101.71,0,monthly,0
51.0,56.47,1,monthly,0
29.0,114.36,2,monthly,1
56.0,97.54,1,monthly,0
63.0,64.83,2,monthly,1
31.0,74.68,1,monthly,0
52.0,54.0,1,one_year,0
67.0,76.28,0,monthly,0
35.0,89.07,2,monthly,0
9.0,92.02,0,two_year,0
15.0,74.81,0,one_year,0
20.0,58.4,2,monthly,1
22.0,55.58,1,two_year,0
46.0,48.69,1,one_year,0
55.0,63.67,3,monthly,0
18.0,83.14,1,monthly,0
66.0,56.98,1,monthly,0
61.0,54.78,0,monthly,0
2.0,46.47,1,monthly,1
60.0,82.45,0,monthly,0
36.0,64.08,3,two_year,0
57.0,34.04,2,one_year,0
18.0,94.28,0,monthly,1
64.0,93.19,0,monthly,1
38.0,70.22,3,monthly,1
46.0,62.04,2,monthly,0
12.0,69.02,1,monthly,1
14.0,49.37,1,monthly,0
39.0,91.95,0,two_year,0
24.0,100.37,1,monthly,0
4.0,92.49,1,one_year,0
1.0,,2,one_year,0
41.0,74.93,1,monthly,0
29.0,81.53,2,one_year,0
47.0,107.47,1,monthly,1
46.0,52.23,4,monthly,1
61.0,69.37,0,monthly,0
51.0,54.6,2,two_year,0
59.0,43.04,1,monthly,0
52.0,77.13,1,two_year,0
38.0,94.73,1,monthly,0
19.0,46.43,0,monthly,1
53.0,91.52,3,two_year,0
67.0,84.58,0,one_year,0
14.0,80.05,2,monthly,1
40.0,99.77,0,two_year,0
58.0,55.25,2,one_year,0
15.0,105.35,0,monthly,1
72.0,61.86,0,one_year,0
68.0,81.72,2,one_year,0
34.0,35.73,3,monthly,0
49.0,91.21,1,one_year,0
50.0,70.38,0,two_year,0
50.0,57.3,2,one_year,0
22.0,47.05,0,one_year,1
44.0,74.16,0,two_year,0
9.0,98.97,0,one_year,0
1.0,81.38,2,monthly,1
61.0,62.18,4,one_year,0
40.0,52.79,1,one_year,0
43.0,46.59,0,one_year,0
52.0,,1,monthly,0
48.0,34.29,0,monthly,0
48.0,61.32,1,monthly,0
26.0,93.72,1,two_year,0
16.0,68.25,3,monthly,1
11.0,66.15,1,monthly,0
35.0,56.33,2,two_year,0
64.0,85.24,1,monthly,0
53.0,83.44,0,monthly,0
25.0,100.82,3,monthly,0
65.0,54.11,0,monthly,0
37.0,44.93,3,one_year,0
17.0,56.06,1,monthly,1
27.0,42.29,0,monthly,0
42.0,68.26,0,monthly,1
46.0,59.85,0,monthly,1
5.0,50.37,3,two_year,0
8.0,68.21,1,monthly,1
13.0,91.42,1,monthly,0
7.0,85.05,0,one_year,1
28.0,55.43,1,monthly,0
69.0,70.03,0,monthly,0
2.0,76.15,1,monthly,1
27.0,83.81,1,one_year,0
26.0,61.64,1,monthly,0
17.0,40.87,2,monthly,0
63.0,76.79,1,monthly,0
7.0,47.83,1,monthly,0
22.0,61.05,2,monthly,0
67.0,63.27,3,two_year,0
11.0,89.45,2,two_year,0
20.0,58.81,2,two_year,0
8.0,72.76,2,monthly,1
26.0,64.46,1,one_year,0
40.0,,0,one_year,1
52.0,88.51,2,one_year,0
29.0,58.99,1,two_year,0
44.0,79.65,1,monthly,0
46.0,75.46,1,monthly,0
49.0,28.45,2,one_year,0
29.0,32.88,1,monthly,0
42.0,20.0,1,monthly,0
38.0,75.64,0,two_year,0
23.0,74.87,0,monthly,0
30.0,57.64,2,two_year,0
47.0,57.65,1,two_year,0
21.0,62.13,0,monthly,1
43.0,55.31,2,one_year,1
1.0,68.31,3,monthly,1
3.0,68.35,1,monthly,1
21.0,49.59,4,two_year,0
34.0,100.47,2,two_year,1
54.0,,0,one_year,0
33.0,60.25,0,monthly,0
25.0,116.89,0,two_year,1
58.0,120.0,1,one_year,1
56.0,96.5,1,two_year,0
68.0,95.51,1,one_year,0
,56.48,1,monthly,0
20.0,62.39,1,one_year,0
51.0,34.59,1,two_year,0
31.0,60.14,0,two_year,0
60.0,,2,one_year,0
14.0,,1,monthly,0
18.0,32.48,0,two_year,0
72.0,104.6,1,monthly,0
28.0,112.62,1,monthly,0
20.0,102.67,2,monthly,1
20.0,35.8,1,monthly,0
32.0,87.6,1,two_year,0
32.0,51.19,0,monthly,1
45.0,66.38,0,two_year,0
67.0,84.82,2,monthly,1
8.0,103.14,1,one_year,1
51.0,55.69,1,monthly,1
28.0,61.79,4,monthly,1
8.0,41.65,0,monthly,1
41.0,69.63,1,two_year,0
72.0,48.0,0,monthly,0
42.0,58.54,6,monthly,1
,86.22,3,one_year,0
60.0,69.2,0,monthly,0
59.0,72.12,1,monthly,1
52.0,75.67,3,monthly,0
61.0,87.18,1,two_year,0
3.0,100.02,0,monthly,1
67.0,43.83,0,monthly,0
67.0,34.03,2,two_year,0
56.0,80.87,0,two_year,0
28.0,84.82,0,one_year,0
20.0,100.19,0,monthly,0
69.0,86.8,1,two_year,0
54.0,107.7,0,monthly,0
35.0,80.81,0,monthly,1
49.0,55.5,1,monthly,0
63.0,91.65,0,monthly,0
31.0,49.84,0,monthly,0
27.0,54.38,1,two_year,0
63.0,78.53,2,monthly,0
48.0,63.89,1,two_year,0
1.0,90.14,0,monthly,1
16.0,61.28,0,one_year,0
37.0,109.88,2,monthly,1
12.0,46.97,1,monthly,1
64.0,85.13,0,monthly,0
38.0,,0,monthly,0
39.0,100.8,3,monthly,0
40.0,56.89,2,one_year,0
28.0,86.5,2,two_year,0
39.0,20.0,1,monthly,0
8.0,53.36,4,monthly,0
,106.17,0,monthly,0
14.0,73.95,0,two_year,0
26.0,71.59,2,one_year,0
20.0,89.33,1,one_year,1
54.0,120.0,1,one_year,0
,45.5,3,monthly,0
64.0,68.02,2,two_year,0
40.0,59.67,0,two_year,0
50.0,85.38,0,one_year,0
23.0,54.24,1,monthly,0
12.0,35.31,0,monthly,0
64.0,36.15,1,monthly,0
36.0,84.47,3,monthly,1
44.0,74.52,0,monthly,0
5.0,,0,two_year,0
22.0,34.49,3,monthly,0
24.0,49.95,2,monthly,1
48.0,57.85,2,monthly,0
18.0,,2,monthly,1
2.0,79.75,2,one_year,1
1.0,66.13,1,monthly,0
38.0,47.68,1,two_year,0
56.0,74.13,1,one_year,0
38.0,59.41,0,two_year,0
,89.59,1,two_year,0
5.0,108.55,1,monthly,1
24.0,72.6,2,monthly,1
48.0,45.19,1,monthly,0
61.0,120.0,2,monthly,0
2.0,84.05,0,one_year,1
42.0,,1,monthly,0
14.0,72.58,2,one_year,0
68.0,73.86,0,monthly,0
54.0,72.12,1,monthly,0
67.0,75.86,0,one_year,0
29.0,36.94,1,monthly,0
60.0,54.32,1,monthly,0
52.0,,2,monthly,0
18.0,73.39,3,two_year,1
39.0,74.47,2,one_year,0
1.0,79.65,0,monthly,0
34.0,,1,monthly,0
18.0,48.76,0,monthly,0
43.0,55.37,1,monthly,0
42.0,73.08,0,one_year,0
2.0,65.9,1,monthly,0
56.0,113.93,3,two_year,0
1.0,61.75,0,two_year,0
70.0,64.78,1,one_year,0
68.0,35.9,0,monthly,0
58.0,110.47,2,one_year,0
50.0,71.97,1,monthly,0
2.0,67.63,1,one_year,0
14.0,55.91,3,two_year,0
67.0,72.09,4,one_year,0
50.0,62.43,0,monthly,0
14.0,97.04,0,one_year,0
67.0,52.33,2,two_year,0
17.0,60.6,2,monthly,0
61.0,58.44,0,two_year,0
16.0,83.23,0,monthly,0
47.0,77.53,1,monthly,0
25.0,91.98,3,one_year,1
38.0,82.21,2,one_year,0
19.0,82.87,1,monthly,1
45.0,71.47,1,monthly,1
19.0,90.27,1,one_year,0
14.0,80.97,1,monthly,1
15.0,77.63,1,monthly,0
33.0,34.84,3,monthly,0
29.0,59.95,0,one_year,0
64.0,55.04,1,monthly,0
4.0,30.09,1,one_year,0
27.0,99.16,0,one_year,0
18.0,102.29,1,one_year,0
20.0,94.25,4,two_year,0
43.0,82.88,0,monthly,0
38.0,103.09,1,one_year,0
58.0,33.13,0,monthly,0
59.0,98.33,2,monthly,0
68.0,25.39,1,monthly,0
64.0,73.67,0,monthly,1
48.0,72.74,1,monthly,0
72.0,81.46,0,monthly,0
63.0,84.56,1,one_year,0
70.0,,1,two_year,0
40.0,54.6,3,monthly,1
8.0,55.12,0,monthly,0
65.0,51.66,0,monthly,0
33.0,72.89,0,monthly,0
9.0,62.45,1,monthly,1
40.0,34.87,2,one_year,0
42.0,91.21,2,monthly,1
49.0,44.8,0,two_year,0
,59.15,1,one_year,0
9.0,53.57,2,one_year,0
41.0,53.47,0,monthly,0
27.0,82.75,0,monthly,0
7.0,54.63,2,two_year,0
28.0,38.22,0,one_year,0
38.0,55.3,3,two_year,0
44.0,47.14,0,monthly,0
71.0,35.96,1,monthly,0
27.0,90.04,1,one_year,0
55.0,95.34,1,monthly,0
23.0,38.05,3,monthly,0
71.0,104.46,2,monthly,0
14.0,110.29,0,one_year,0
46.0,39.26,3,monthly,1
48.0,79.12,2,one_year,0
11.0,63.71,0,monthly,0
,88.18,2,monthly,0
38.0,20.0,1,monthly,0
15.0,83.61,0,one_year,0
47.0,61.74,0,monthly,0
66.0,80.38,3,one_year,0
35.0,89.38,2,monthly,1
28.0,20.0,0,two_year,0
9.0,68.75,0,monthly,0
21.0,69.79,0,monthly,1
41.0,83.14,1,monthly,1
7.0,94.95,3,monthly,1
1.0,86.57,1,monthly,1
38.0,52.84,0,one_year,0
62.0,85.51,0,one_year,0
25.0,53.17,1,one_year,0
47.0,86.86,0,monthly,0
43.0,66.05,0,one_year,0
38.0,65.93,5,one_year,1
23.0,72.85,1,monthly,0
20.0,34.74,0,monthly,0
34.0,62.84,0,monthly,0
39.0,43.53,0,one_year,0
10.0,90.34,0,monthly,1
59.0,97.91,2,one_year,0
5.0,38.0,1,monthly,0
61.0,20.39,0,monthly,0
68.0,75.16,0,one_year,0
61.0,57.26,2,two_year,0
53.0,49.32,1,one_year,0
54.0,120.0,4,one_year,0
31.0,60.7,4,monthly,1
38.0,47.19,0,two_year,0
15.0,63.74,1,one_year,0
34.0,76.2,1,two_year,0
48.0,104.59,1,two_year,0
29.0,76.65,2,monthly,1
44.0,42.27,1,two_year,0
46.0,59.05,0,monthly,0
45.0,110.46,0,one_year,0
,31.52,2,monthly,0
71.0,68.83,1,monthly,0
68.0,95.85,1,one_year,0
26.0,75.82,1,monthly,0
32.0,65.19,1,one_year,1
67.0,50.4,0,monthly,0
69.0,73.46,1,monthly,0
32.0,81.49,1,monthly,0
63.0,74.85,2,one_year,0
,92.56,3,one_year,0
70.0,74.47,0,two_year,0
71.0,98.5,2,monthly,0
43.0,73.14,2,two_year,0
30.0,90.11,1,monthly,0
45.0,62.88,4,two_year,0
36.0,108.5,0,one_year,1
24.0,97.78,0,monthly,0
65.0,85.35,1,two_year,0
4.0,48.29,1,monthly,1
65.0,74.31,0,one_year,0
39.0,20.0,2,monthly,0
7.0,62.12,0,one_year,0
66.0,73.76,1,two_year,0
37.0,51.03,0,monthly,0
50.0,73.68,3,monthly,1
8.0,84.85,1,two_year,0
9.0,110.11,1,monthly,0
61.0,70.58,2,monthly,0
70.0,35.65,3,monthly,0
20.0,,0,monthly,0
14.0,66.61,2,monthly,1
24.0,,1,monthly,1
48.0,95.02,1,one_year,0
24.0,72.46,1,monthly,1
66.0,55.71,0,monthly,0
52.0,54.76,1,monthly,0
48.0,67.2,4,monthly,1
24.0,72.33,4,monthly,1
48.0,83.51,1,one_year,0
32.0,72.99,1,one_year,0
38.0,114.63,0,one_year,0
63.0,73.82,1,monthly,0
39.0,81.27,1,monthly,0
32.0,93.44,0,one_year,0
41.0,91.3,1,one_year,0
67.0,56.16,0,one_year,0
42.0,34.66,2,monthly,0
67.0,41.71,1,two_year,0
50.0,78.6,1,monthly,0
33.0,83.54,0,one_year,0
38.0,78.06,1,one_year,0
17.0,87.94,4,one_year,1
38.0,99.11,0,monthly,0
68.0,53.57,2,two_year,0
21.0,120.0,1,monthly,1
41.0,120.0,1,monthly,0
12.0,87.43,2,monthly,0
26.0,66.78,1,one_year,0
7.0,76.26,0,monthly,0
5.0,39.63,0,monthly,1
68.0,71.22,0,two_year,0
34.0,52.67,0,monthly,0
45.0,68.55,0,monthly,0
,63.61,0,monthly,0
33.0,116.23,1,one_year,0
46.0,51.71,1,one_year,0
18.0,77.53,0,one_year,0
29.0,61.76,4,monthly,1
64.0,105.66,1,monthly,0
21.0,94.15,2,one_year,1
51.0,37.04,2,two_year,0
16.0,49.01,0,one_year,0
59.0,76.86,3,monthly,0
55.0,57.05,2,monthly,0
46.0,80.63,0,monthly,0
65.0,72.51,3,monthly,1
58.0,,1,monthly,0
1.0,64.11,3,one_year,1
40.0,81.25,0,monthly,0
39.0,69.13,1,monthly,0
37.0,73.8,1,one_year,0
6.0,78.97,3,one_year,1
60.0,68.06,0,monthly,0
3.0,100.49,3,monthly,1
8.0,,2,monthly,0
71.0,81.14,0,monthly,0
2.0,59.3,0,one_year,0
23.0,,2,monthly,1
30.0,89.39,1,one_year,0
39.0,84.83,0,one_year,0
,85.67,1,monthly,0
66.0,87.57,0,monthly,0
33.0,82.52,0,monthly,0
47.0,65.68,4,monthly,1
37.0,86.97,4,monthly,1
26.0,92.26,1,monthly,0
70.0,89.91,1,monthly,0
51.0,76.98,5,one_year,1
32.0,76.98,2,monthly,0
57.0,26.9,1,one_year,0
34.0,52.7,0,monthly,0
47.0,66.31,0,monthly,0
4.0,92.8,1,two_year,0
28.0,97.11,0,monthly,0
44.0,73.82,1,monthly,0
55.0,45.84,1,monthly,0
45.0,81.38,1,one_year,0
27.0,92.42,1,monthly,1
55.0,87.49,1,one_year,0
27.0,55.22,0,monthly,0
56.0,46.81,0,one_year,0
21.0,50.72,2,monthly,0
18.0,46.83,0,monthly,0
71.0,92.66,0,monthly,0
32.0,,0,monthly,0
9.0,118.25,2,one_year,0
34.0,106.97,0,monthly,0
4.0,92.87,0,one_year,1
19.0,55.47,2,two_year,0
22.0,85.17,1,monthly,0
39.0,80.5,0,one_year,0
9.0,39.51,0,two_year,0
58.0,42.49,3,monthly,0
27.0,54.23,2,monthly,0
66.0,98.35,1,monthly,0
68.0,61.84,0,monthly,0
30.0,39.89,0,one_year,0
69.0,72.36,1,one_year,0
53.0,83.75,1,monthly,0
17.0,43.64,0,monthly,0
20.0,112.68,0,monthly,0
22.0,53.87,2,monthly,0
40.0,93.78,1,monthly,0
29.0,85.51,0,monthly,0
9.0,54.15,2,two_year,0
69.0,67.75,1,monthly,0
20.0,70.71,1,monthly,1
20.0,62.42,1,one_year,0
59.0,86.98,1,monthly,0
55.0,71.55,0,monthly,0
33.0,31.91,1,monthly,0
47.0,72.31,0,monthly,0
10.0,44.84,3,one_year,1
64.0,,1,one_year,0
25.0,75.39,0,two_year,0
20.0,67.75,0,monthly,1
54.0,92.78,1,one_year,0
67.0,68.52,2,monthly,0
25.0,58.69,0,monthly,0
72.0,106.75,4,one_year,0
56.0,86.49,1,monthly,1
29.0,67.23,1,monthly,0
27.0,70.4,3,monthly,0
68.0,61.3,2,one_year,0
50.0,72.01,4,monthly,1
53.0,48.88,1,monthly,0
19.0,109.22,1,monthly,1
17.0,97.48,1,monthly,1
65.0,20.48,2,monthly,0
32.0,48.89,1,monthly,0
22.0,,1,one_year,0
19.0,55.8,1,two_year,0
22.0,22.95,1,monthly,0
66.0,85.5,2,monthly,1
6.0,43.76,0,monthly,0
17.0,85.24,0,one_year,1
56.0,80.19,2,monthly,1
64.0,103.8,1,monthly,0
28.0,50.33,2,monthly,1
20.0,110.49,2,two_year,0
2.0,42.9,2,one_year,0
65.0,103.34,1,one_year,0
4.0,93.71,1,monthly,1
58.0,79.8,2,two_year,0
49.0,46.05,1,monthly,0
53.0,105.91,2,monthly,0
27.0,88.03,0,monthly,0
20.0,33.29,0,two_year,0
32.0,20.0,0,one_year,0
52.0,55.44,2,one_year,0
11.0,51.05,2,monthly,0
46.0,85.91,0,one_year,0
52.0,73.21,1,monthly,1
26.0,77.21,2,monthly,0
29.0,58.81,1,monthly,0
72.0,91.23,2,two_year,0
3.0,57.48,0,monthly,0
69.0,36.65,0,two_year,0
43.0,20.0,0,two_year,0
48.0,81.74,1,monthly,0
24.0,56.64,0,monthly,0
66.0,32.09,3,monthly,0
63.0,50.63,2,monthly,0
25.0,61.46,0,one_year,0
62.0,85.53,0,monthly,0
13.0,22.91,1,two_year,0
12.0,61.12,3,monthly,1
25.0,86.66,0,monthly,1
41.0,80.8,0,one_year,0
41.0,88.51,0,two_year,0
39.0,114.3,1,monthly,0
65.0,51.4,0,monthly,0
70.0,57.1,0,monthly,0
,94.4,2,one_year,0
59.0,106.55,2,one_year,1
18.0,78.27,1,two_year,0
44.0,63.67,2,one_year,1
59.0,45.13,1,one_year,0
55.0,84.68,2,one_year,0
64.0,78.69,0,monthly,0
14.0,47.18,2,two_year,0
43.0,59.38,0,monthly,0
,49.22,1,monthly,0
36.0,83.99,1,monthly,0
57.0,67.8,2,monthly,0
34.0,98.65,1,two_year,0
13.0,101.08,2,two_year,0
15.0,78.45,3,one_year,0
69.0,97.62,1,two_year,0
19.0,,2,monthly,0
17.0,104.57,1,two_year,0
37.0,60.87,0,two_year,0
46.0,85.44,1,monthly,1
37.0,112.56,2,monthly,0
35.0,86.26,0,monthly,0
39.0,62.45,0,monthly,1
45.0,77.22,1,two_year,0
33.0,120.0,0,monthly,1
2.0,63.23,1,two_year,0
62.0,57.95,3,one_year,0
71.0,92.07,2,monthly,0
13.0,63.66,0,monthly,0
51.0,37.15,1,one_year,0
13.0,36.88,0,monthly,1
9.0,72.32,1,monthly,0
68.0,58.06,1,monthly,0
41.0,104.64,1,monthly,0
43.0,58.71,1,two_year,0
69.0,41.17,1,monthly,0
45.0,54.81,1,two_year,0
44.0,44.56,2,one_year,0
34.0,98.15,2,monthly,1
19.0,,1,two_year,0
31.0,105.59,1,two_year,0
20.0,84.71,3,two_year,0
26.0,,1,monthly,1
68.0,69.84,1,monthly,0
39.0,91.0,0,one_year,0
15.0,25.58,1,two_year,0
60.0,61.72,2,monthly,0
56.0,55.58,2,monthly,0
4.0,97.9,2,monthly,1
66.0,69.32,2,monthly,0
68.0,87.22,0,two_year,0
47.0,,2,monthly,0
14.0,43.47,1,monthly,0
25.0,70.39,2,one_year,0
36.0,101.4,2,two_year,0
42.0,71.16,1,one_year,0
60.0,107.39,0,monthly,0
66.0,64.97,1,monthly,0
10.0,64.43,2,monthly,0
25.0,64.43,0,monthly,0
47.0,,2,two_year,0
61.0,56.94,4,monthly,0
44.0,66.98,1,one_year,0
48.0,54.23,2,two_year,0
40.0,49.29,1,one_year,0
49.0,106.29,0,monthly,0
60.0,91.93,2,monthly,1
45.0,65.61,0,monthly,0
10.0,58.84,0,one_year,0
56.0,37.39,1,monthly,0
16.0,85.47,0,one_year,0
8.0,57.3,4,one_year,0
66.0,115.38,1,monthly,0
53.0,33.52,0,two_year,0
69.0,79.98,2,monthly,1
11.0,99.5,0,one_year,0
9.0,60.46,0,monthly,0
11.0,117.77,2,monthly,1
49.0,94.92,3,monthly,0
61.0,94.6,0,monthly,0
8.0,53.27,2,monthly,0
35.0,95.47,0,monthly,0
68.0,95.08,1,one_year,0
55.0,75.59,0,monthly,0
68.0,112.78,1,monthly,0
22.0,80.22,1,one_year,0
50.0,22.11,3,monthly,0
14.0,80.34,3,monthly,0
35.0,111.86,1,one_year,0
43.0,59.22,1,one_year,0
47.0,89.44,2,monthly,0
33.0,58.5,0,one_year,0
41.0,72.69,0,two_year,0
39.0,20.0,0,two_year,0
60.0,32.25,0,one_year,0
17.0,65.98,1,two_year,0
60.0,59.7,0,two_year,0
62.0,30.84,1,one_year,0
62.0,88.3,1,monthly,1
3.0,80.36,1,one_year,1
61.0,52.77,3,monthly,0
2.0,26.14,0,one_year,0
16.0,85.25,1,monthly,0
16.0,61.25,5,two_year,0
15.0,88.55,1,monthly,1
33.0,97.5,2,two_year,0
51.0,64.3,2,monthly,0
35.0,66.81,4,monthly,1
40.0,88.89,1,one_year,0
23.0,65.99,0,monthly,0
70.0,27.37,0,monthly,0
68.0,85.08,4,one_year,0
5.0,78.44,2,one_year,1
71.0,,0,two_year,0
30.0,82.81,0,one_year,0
50.0,62.5,1,two_year,0
63.0,61.78,0,monthly,0
21.0,,0,one_year,0
33.0,39.88,2,one_year,0
48.0,34.37,1,monthly,0
10.0,67.14,2,one_year,1
6.0,40.94,0,two_year,0
24.0,89.82,0,one_year,0
40.0,53.78,1,two_year,0
70.0,31.58,1,one_year,0
55.0,61.33,1,monthly,0
56.0,20.36,0,two_year,0
72.0,100.97,3,monthly,0
61.0,69.67,2,one_year,0
56.0,85.59,1,two_year,0
19.0,81.95,1,one_year,0
11.0,74.83,2,one_year,0
58.0,46.97,1,two_year,0
56.0,87.94,0,monthly,0
1.0,62.89,1,monthly,0
37.0,53.19,2,monthly,0
16.0,24.67,0,monthly,0
69.0,99.03,0,two_year,0
46.0,65.04,0,monthly,0
68.0,61.08,1,two_year,0
48.0,27.61,1,monthly,0
57.0,91.25,0,monthly,0
33.0,67.83,3,monthly,0
2.0,92.93,0,two_year,1
70.0,69.51,0,two_year,0
28.0,51.29,1,monthly,1
27.0,83.05,0,monthly,0
16.0,35.2,2,one_year,0
20.0,35.59,1,monthly,0
7.0,68.8,2,monthly,1
15.0,86.97,1,one_year,0
9.0,95.26,0,monthly,1
,68.26,1,one_year,0
46.0,67.69,2,two_year,0
59.0,,0,monthly,0
22.0,65.7,0,one_year,0
60.0,59.09,0,monthly,0
29.0,81.47,2,monthly,0
45.0,59.03,2,monthly,0
65.0,65.47,2,two_year,0
3.0,,3,monthly,1
35.0,75.25,1,monthly,0
30.0,58.73,0,monthly,0
65.0,85.88,3,monthly,0
13.0,67.15,2,two_year,0
23.0,85.42,1,monthly,0
21.0,51.08,2,two_year,0
68.0,53.05,1,monthly,0
2.0,38.44,1,one_year,1
15.0,95.33,0,one_year,0
50.0,101.55,3,one_year,0
6.0,96.79,2,two_year,0
19.0,78.17,1,two_year,0
49.0,74.68,2,monthly,0
41.0,64.99,1,monthly,0
23.0,83.24,1,monthly,1
70.0,66.09,3,monthly,0
8.0,47.64,2,one_year,1
17.0,92.39,2,two_year,0
14.0,90.14,2,monthly,1
21.0,81.87,0,monthly,1
63.0,68.69,1,monthly,0
19.0,61.67,2,monthly,0
24.0,72.23,0,one_year,0
5.0,74.78,1,two_year,1
58.0,44.21,2,one_year,0
41.0,60.02,3,monthly,0
30.0,46.63,1,two_year,0
40.0,94.75,0,monthly,1
17.0,40.11,0,one_year,0
44.0,43.29,2,monthly,0
25.0,50.44,1,monthly,0
70.0,73.53,2,monthly,0
11.0,49.42,0,monthly,0
42.0,108.79,1,monthly,0
12.0,86.15,2,one_year,1
44.0,20.0,0,monthly,0
6.0,74.85,1,one_year,0
65.0,77.58,0,monthly,0
34.0,41.88,2,monthly,0
63.0,,2,two_year,0
72.0,71.7,1,one_year,0
38.0,55.65,0,monthly,0
36.0,67.54,2,monthly,1
44.0,77.22,0,monthly,0
63.0,58.39,3,one_year,0
27.0,68.35,1,monthly,0
8.0,43.17,2,monthly,0
36.0,83.6,2,monthly,0
19.0,55.64,2,monthly,0
35.0,96.59,0,one_year,0
58.0,115.3,2,monthly,0
39.0,106.78,1,two_year,0
29.0,59.44,1,one_year,0
17.0,79.21,1,monthly,1
48.0,63.93,2,monthly,0
44.0,79.86,1,monthly,0
2.0,,0,two_year,0
21.0,47.23,1,monthly,0
45.0,68.5,1,monthly,0
23.0,51.89,2,monthly,0
69.0,96.74,5,one_year,0
23.0,85.64,2,two_year,0
8.0,77.05,0,one_year,0
57.0,66.36,1,monthly,0
17.0,65.87,2,two_year,0
6.0,91.08,1,one_year,1
39.0,71.3,2,two_year,0
72.0,69.95,2,monthly,0
23.0,111.04,4,monthly,0
12.0,72.86,1,monthly,0
34.0,63.97,0,monthly,0
45.0,64.7,1,monthly,0
69.0,97.93,0,one_year,0
17.0,58.78,0,monthly,0
71.0,59.19,2,monthly,0
50.0,93.97,1,two_year,0
52.0,95.49,1,one_year,0
62.0,100.94,3,one_year,0
71.0,50.86,3,two_year,0
32.0,79.51,1,one_year,0
1.0,57.27,0,monthly,0
34.0,79.04,1,two_year,0
41.0,34.92,0,monthly,0
71.0,65.44,0,monthly,0
59.0,93.72,1,one_year,0
43.0,74.36,0,one_year,0
17.0,20.0,1,monthly,1
27.0,91.92,1,one_year,0
28.0,77.94,5,monthly,1
17.0,63.87,2,monthly,0
29.0,69.82,1,two_year,0
62.0,62.77,2,two_year,0
32.0,95.39,1,one_year,0
51.0,69.17,2,one_year,0
14.0,34.52,0,one_year,0
23.0,51.06,5,monthly,1
63.0,106.02,2,two_year,0
37.0,94.86,0,one_year,0
5.0,87.65,2,one_year,1
10.0,52.51,2,two_year,0
30.0,81.98,0,one_year,0
56.0,92.82,0,monthly,0
17.0,72.25,3,monthly,1
65.0,86.24,2,one_year,0
64.0,95.25,2,two_year,0
53.0,93.08,0,two_year,0
57.0,80.24,0,monthly,0
52.0,80.5,0,monthly,0
27.0,42.92,1,monthly,0
10.0,63.73,0,one_year,0
58.0,88.68,3,two_year,0
66.0,107.98,2,monthly,0
43.0,,2,one_year,0
43.0,94.3,0,monthly,0
52.0,70.57,0,two_year,0
65.0,48.93,4,one_year,0
72.0,79.91,2,two_year,0
54.0,80.48,0,monthly,0
69.0,50.62,2,monthly,0
64.0,51.23,0,one_year,0
67.0,71.41,0,monthly,0
59.0,,0,two_year,0
60.0,81.49,0,monthly,0
53.0,40.34,2,monthly,0
31.0,88.43,3,monthly,0
44.0,56.75,1,one_year,0
3.0,78.19,3,monthly,1
,35.91,3,monthly,0
11.0,91.07,0,monthly,1
19.0,74.85,1,one_year,0
54.0,117.03,1,monthly,0
66.0,33.69,1,monthly,0
38.0,29.96,1,one_year,0
58.0,86.28,1,monthly,0
68.0,90.16,1,monthly,0
19.0,30.94,1,two_year,0
53.0,82.16,1,monthly,0
8.0,91.06,1,monthly,0
9.0,101.54,3,one_year,1
64.0,73.34,1,monthly,0
37.0,36.29,2,two_year,0
1.0,27.57,0,monthly,0
54.0,116.76,0,monthly,1
,79.47,0,monthly,0
66.0,92.22,5,two_year,0
51.0,63.33,3,monthly,0
,65.33,1,one_year,0
31.0,65.84,1,one_year,0
13.0,49.74,1,one_year,0
66.0,64.01,1,monthly,0
,45.81,2,monthly,1
47.0,61.25,0,one_year,0
13.0,95.07,0,two_year,0
72.0,70.99,0,monthly,0
44.0,55.48,0,monthly,0
50.0,108.7,0,two_year,0
70.0,99.36,0,monthly,0
41.0,71.44,2,one_year,0
29.0,31.91,1,monthly,0
6.0,99.14,2,one_year,1
25.0,99.49,1,monthly,1
64.0,57.49,1,two_year,0
25.0,102.12,3,monthly,1
9.0,52.13,1,monthly,1
10.0,64.61,1,monthly,0
20.0,60.32,3,one_year,0
20.0,74.56,2,one_year,0
47.0,67.47,2,two_year,0
13.0,102.23,0,monthly,1
50.0,62.78,1,one_year,0
31.0,80.34,1,monthly,1
67.0,71.52,0,monthly,0
70.0,75.95,1,monthly,0
69.0,52.24,1,one_year,0
3.0,69.73,0,two_year,0
67.0,101.2,2,one_year,0
29.0,88.8,2,one_year,1
57.0,44.56,1,two_year,0
40.0,61.55,0,monthly,0
28.0,48.19,0,one_year,1
,54.52,0,two_year,0
53.0,56.19,1,monthly,0
21.0,43.37,2,one_year,0
12.0,80.77,1,monthly,0
70.0,90.55,0,monthly,0
24.0,73.9,1,monthly,0
28.0,59.96,1,monthly,0
72.0,74.03,2,monthly,0
64.0,53.62,1,monthly,0
47.0,93.57,1,monthly,0
28.0,120.0,0,monthly,0
67.0,20.0,4,one_year,0
70.0,79.04,1,monthly,0
12.0,71.59,2,one_year,1
11.0,74.84,1,monthly,0
44.0,64.38,1,monthly,0
38.0,37.26,1,monthly,0
14.0,68.74,2,two_year,0
24.0,61.6,1,monthly,0
51.0,67.2,3,monthly,0
1.0,69.45,3,monthly,1
67.0,59.41,1,one_year,0
51.0,120.0,0,monthly,1
32.0,42.89,1,monthly,0
40.0,61.85,2,one_year,0
2.0,42.2,1,one_year,1
65.0,66.87,0,monthly,0
24.0,104.68,0,monthly,0
64.0,69.43,2,two_year,0
7.0,51.98,1,monthly,0
47.0,41.03,1,monthly,0
33.0,82.39,1,one_year,0
47.0,54.65,3,two_year,0
58.0,84.26,1,monthly,1
4.0,54.98,0,monthly,0
71.0,58.6,2,one_year,0
18.0,69.03,0,one_year,0
21.0,34.18,1,monthly,1
38.0,96.86,1,monthly,0
11.0,45.05,0,one_year,0
7.0,73.62,0,monthly,1
4.0,80.24,2,monthly,1
32.0,120.0,0,monthly,1
23.0,80.8,0,one_year,0
42.0,88.86,1,monthly,0
19.0,59.07,1,monthly,1
44.0,67.19,3,one_year,1
15.0,70.1,1,one_year,0
44.0,,2,monthly,0
64.0,48.4,1,one_year,0
63.0,79.27,0,one_year,0
21.0,120.0,0,monthly,0
70.0,49.09,2,one_year,0
12.0,29.68,2,monthly,0
68.0,58.85,0,one_year,0
11.0,67.43,0,two_year,0
70.0,107.13,0,monthly,0
53.0,81.14,0,monthly,0
4.0,95.67,0,monthly,1
31.0,54.72,3,one_year,0
20.0,69.6,0,monthly,0
28.0,76.92,0,monthly,0
6.0,51.82,1,monthly,1
51.0,76.78,3,two_year,0
55.0,64.31,0,one_year,1
46.0,75.56,2,monthly,0
66.0,39.67,0,monthly,0
34.0,25.5,0,monthly,0
45.0,100.79,3,monthly,1
45.0,71.62,2,two_year,0
2.0,68.61,2,monthly,1
23.0,120.0,0,one_year,0
32.0,93.2,2,monthly,1
32.0,80.76,1,monthly,0
13.0,56.38,0,monthly,0
49.0,79.2,1,one_year,0
42.0,76.22,1,one_year,0
2.0,65.49,1,monthly,1
37.0,102.65,0,monthly,0
30.0,87.85,3,monthly,0
25.0,83.8,0,monthly,0
28.0,,1,monthly,0
7.0,56.11,1,one_year,0
24.0,95.86,0,two_year,0
32.0,76.55,3,monthly,0
37.0,59.23,0,two_year,0
61.0,78.5,2,monthly,0
50.0,72.15,1,two_year,0
15.0,62.04,1,two_year,0
54.0,67.66,2,monthly,1
6.0,88.32,1,one_year,0
56.0,79.0,0,monthly,0
1.0,,1,one_year,0
45.0,55.37,2,two_year,0
55.0,78.1,2,monthly,0
2.0,48.58,2,one_year,0
23.0,74.41,3,one_year,0
18.0,68.85,0,monthly,0
2.0,42.92,2,monthly,0
49.0,20.0,0,monthly,0
30.0,52.93,0,monthly,1
9.0,71.04,0,one_year,0
46.0,71.18,5,monthly,1
42.0,98.86,0,one_year,0
39.0,71.33,0,monthly,1
2.0,69.57,1,monthly,1
62.0,79.29,1,two_year,0
61.0,61.48,2,monthly,0
36.0,,2,one_year,1
13.0,58.32,0,monthly,1
51.0,52.06,0,monthly,0
32.0,59.87,5,monthly,0
8.0,97.51,1,two_year,0
9.0,58.42,1,one_year,0
8.0,54.12,1,monthly,0
13.0,83.74,0,monthly,1
41.0,96.71,0,monthly,0
34.0,61.57,1,two_year,0
48.0,86.06,0,two_year,0
38.0,56.24,2,two_year,0
56.0,101.41,0,one_year,0
63.0,47.05,1,monthly,0
4.0,64.6,2,monthly,0
15.0,61.17,3,one_year,0
18.0,50.16,2,monthly,0
64.0,68.79,1,monthly,0
,85.26,0,monthly,0
18.0,52.26,3,monthly,0
25.0,112.34,3,monthly,1
29.0,75.87,1,two_year,0
66.0,77.81,2,one_year,0
70.0,53.39,0,one_year,0
11.0,68.91,1,one_year,0
38.0,89.9,4,one_year,0
57.0,,2,monthly,0
19.0,55.09,0,one_year,0
45.0,52.03,1,monthly,0
33.0,41.47,0,monthly,0
71.0,84.09,1,monthly,0
60.0,52.54,0,monthly,0
3.0,106.43,0,one_year,0
63.0,42.63,1,monthly,0
63.0,62.63,0,monthly,0
9.0,71.15,2,one_year,0
49.0,48.3,0,two_year,0
38.0,23.08,1,one_year,0
29.0,55.79,3,two_year,0
28.0,69.59,1,one_year,0
44.0,49.19,1,two_year,0
6.0,75.95,4,one_year,1
6.0,29.2,2,one_year,0
32.0,76.62,0,one_year,0
37.0,116.08,0,monthly,0
22.0,91.27,1,monthly,1
10.0,92.0,1,one_year,1
54.0,62.25,1,monthly,0
41.0,60.71,3,two_year,0
2.0,94.87,1,monthly,1
69.0,62.76,0,monthly,0
33.0,84.25,0,monthly,0
1.0,48.55,1,monthly,0
25.0,78.54,1,two_year,0
25.0,73.93,1,monthly,0
31.0,21.17,1,two_year,0
37.0,67.48,1,two_year,0
32.0,82.53,2,monthly,0
52.0,81.95,3,two_year,0
71.0,78.21,3,one_year,0
34.0,98.32,1,monthly,0
50.0,68.61,0,two_year,0
28.0,53.23,0,monthly,0
28.0,90.06,0,monthly,0
7.0,116.8,1,monthly,1
25.0,62.55,1,monthly,0
14.0,103.44,4,monthly,1
32.0,66.16,1,monthly,0
68.0,37.32,2,one_year,0
68.0,50.35,1,monthly,0
70.0,51.09,2,monthly,0
43.0,95.73,0,two_year,0
46.0,72.37,0,two_year,0
69.0,57.95,3,monthly,0
49.0,72.89,0,one_year,0
15.0,100.94,1,one_year,0
6.0,68.33,2,two_year,1
38.0,54.17,0,monthly,0
39.0,77.95,0,two_year,0
52.0,51.65,0,one_year,0
52.0,81.16,0,monthly,0
60.0,91.9,2,monthly,0
61.0,74.15,0,monthly,0
8.0,60.54,4,one_year,0
60.0,72.68,2,monthly,0
30.0,38.81,0,two_year,0
67.0,104.68,0,monthly,0
63.0,120.0,0,monthly,0
17.0,70.46,3,monthly,0
45.0,24.54,0,monthly,0
42.0,55.13,3,monthly,0
11.0,,1,two_year,0
15.0,28.67,1,one_year,1
31.0,66.91,0,monthly,0
28.0,66.4,1,monthly,1
37.0,56.11,2,monthly,0
38.0,94.41,3,one_year,0
1.0,70.83,2,one_year,0
3.0,48.42,0,one_year,0
31.0,79.19,2,monthly,0
60.0,42.16,0,one_year,0
35.0,62.24,2,monthly,0
61.0,51.64,3,monthly,0
70.0,76.52,3,one_year,0
41.0,64.04,2,one_year,0
38.0,57.18,0,two_year,0
17.0,75.83,1,one_year,0
38.0,80.39,0,monthly,0
8.0,75.38,2,monthly,1
6.0,94.64,1,monthly,1
11.0,46.9,1,monthly,1
3.0,78.79,3,monthly,1
70.0,106.95,3,monthly,0
34.0,70.27,2,monthly,0
25.0,21.24,2,monthly,0
46.0,,2,monthly,0
51.0,65.54,0,one_year,0
16.0,84.31,2,monthly,0
38.0,76.1,2,monthly,1
42.0,83.69,0,monthly,0
19.0,96.97,0,one_year,0
7.0,72.87,3,one_year,0
44.0,87.42,2,monthly,1
20.0,41.33,3,monthly,1
22.0,50.33,0,two_year,0
38.0,67.32,2,two_year,0
15.0,104.92,0,monthly,0
23.0,51.73,0,monthly,1
29.0,62.32,1,monthly,0
33.0,,1,monthly,0
69.0,58.39,0,monthly,0
52.0,41.35,1,monthly,0
70.0,26.58,1,monthly,0
13.0,87.35,0,two_year,0
52.0,45.04,2,monthly,0
48.0,77.64,2,monthly,1
65.0,81.31,2,one_year,0
70.0,47.94,0,two_year,0
44.0,79.81,1,monthly,1
60.0,22.73,0,monthly,0
35.0,67.46,0,monthly,0
28.0,46.94,1,one_year,0
28.0,74.98,0,monthly,0
46.0,74.31,2,monthly,0
49.0,73.92,0,two_year,0
9.0,83.61,1,two_year,0
36.0,55.78,0,one_year,0
52.0,37.96,0,one_year,0
25.0,42.53,0,two_year,0
54.0,,2,monthly,1
3.0,46.9,1,monthly,1
16.0,62.17,1,one_year,0
19.0,77.7,1,monthly,1
28.0,66.37,2,two_year,0
66.0,48.02,2,one_year,0
44.0,23.27,3,one_year,0
30.0,90.61,2,two_year,0
48.0,57.1,0,one_year,0
13.0,33.92,2,two_year,0
45.0,55.65,0,monthly,0
61.0,70.92,1,two_year,0
54.0,26.48,5,monthly,0
63.0,72.89,0,one_year,0
62.0,70.0,2,monthly,0
4.0,79.79,2,monthly,1
34.0,70.09,0,one_year,0
53.0,47.84,0,monthly,0
2.0,33.83,2,two_year,0
39.0,65.4,0,monthly,0
59.0,58.23,1,two_year,0
30.0,103.54,0,monthly,0
8.0,63.35,1,monthly,1
66.0,78.72,1,monthly,0
39.0,70.97,1,monthly,1
50.0,31.03,0,one_year,0
52.0,86.34,1,monthly,0
12.0,59.48,2,one_year,0
59.0,37.71,2,two_year,0
12.0,78.7,2,two_year,0
39.0,96.84,1,monthly,0
68.0,66.96,2,monthly,1
46.0,63.35,2,monthly,1
62.0,55.42,0,monthly,0
70.0,60.1,1,one_year,0
7.0,94.05,0,monthly,1
56.0,71.35,1,monthly,1
42.0,78.82,2,monthly,0
,,1,monthly,0
45.0,20.0,2,two_year,0
68.0,73.14,1,one_year,0
19.0,82.05,2,monthly,1
49.0,74.41,1,two_year,0
39.0,36.79,2,monthly,0
22.0,52.2,1,monthly,1
38.0,84.36,3,monthly,1
20.0,78.6,2,one_year,0
70.0,79.24,2,two_year,0
32.0,44.29,0,monthly,0
27.0,75.46,0,two_year,0
37.0,101.23,1,two_year,0
58.0,70.36,0,monthly,0
61.0,99.08,1,two_year,0
61.0,88.46,5,monthly,0
33.0,87.56,0,one_year,0
18.0,54.65,1,monthly,0
52.0,55.16,3,monthly,0
7.0,54.64,1,one_year,0
25.0,94.63,2,monthly,0
57.0,96.85,1,monthly,0
34.0,46.62,1,monthly,0
58.0,41.2,1,one_year,0
24.0,72.18,1,one_year,0
6.0,98.14,0,two_year,1
29.0,75.37,3,two_year,0
24.0,83.34,1,two_year,0
51.0,80.02,1,monthly,0
17.0,82.08,0,monthly,1
17.0,66.46,2,one_year,0
18.0,79.95,2,monthly,0
36.0,84.44,1,two_year,0
3.0,67.03,1,monthly,0
54.0,106.22,0,monthly,0
69.0,46.15,1,monthly,0
1.0,60.97,1,two_year,0
19.0,50.93,0,two_year,0
30.0,92.79,2,monthly,1
37.0,,1,one_year,0
56.0,53.03,1,monthly,0
31.0,71.05,1,one_year,0
48.0,59.51,2,monthly,0
3.0,39.5,1,one_year,0
59.0,51.73,2,monthly,1
43.0,76.63,2,one_year,0
19.0,81.73,2,one_year,1
51.0,53.38,1,two_year,0
45.0,69.32,1,monthly,0
27.0,87.39,1,monthly,0
23.0,99.57,0,monthly,0
8.0,77.01,3,one_year,1
7.0,51.64,0,one_year,0
50.0,34.98,0,monthly,0
57.0,70.9,2,one_year,0
6.0,62.66,0,one_year,1
22.0,56.69,1,one_year,0
44.0,54.38,0,one_year,0
53.0,57.2,1,monthly,0
43.0,72.82,2,monthly,0
56.0,84.22,2,monthly,1
14.0,51.65,1,one_year,0
59.0,110.1,2,two_year,0
58.0,100.52,1,monthly,0
21.0,64.13,1,one_year,0
48.0,76.24,0,one_year,0
58.0,102.66,1,two_year,0
15.0,,2,monthly,0
18.0,56.13,0,one_year,0
58.0,56.26,2,two_year,0
48.0,47.56,1,two_year,0
10.0,85.18,1,monthly,1
1.0,64.87,0,monthly,0
37.0,71.78,2,two_year,0
57.0,71.44,1,two_year,0
55.0,65.29,4,monthly,0
5.0,102.67,0,two_year,0
23.0,66.05,2,monthly,0
52.0,51.01,1,monthly,0
50.0,39.65,3,monthly,0
46.0,54.88,1,monthly,0
50.0,73.76,2,monthly,0
5.0,73.43,2,monthly,1
53.0,75.95,1,monthly,0
42.0,60.63,0,two_year,0
30.0,79.24,0,two_year,0
51.0,79.67,0,monthly,0
,43.58,3,monthly,0
59.0,78.44,1,one_year,0
18.0,,1,one_year,1
,63.85,1,monthly,0
48.0,93.67,2,monthly,0
18.0,71.05,0,one_year,0
10.0,53.4,1,monthly,0
31.0,90.35,0,one_year,0
54.0,108.41,0,monthly,0
27.0,44.73,1,monthly,0
15.0,68.31,1,monthly,0
48.0,89.08,2,one_year,0
7.0,83.17,0,one_year,1
14.0,92.03,1,two_year,1
71.0,,1,two_year,0
41.0,30.94,3,two_year,0
35.0,84.94,2,monthly,1
18.0,34.5,4,monthly,0
35.0,49.29,2,two_year,0
15.0,46.21,0,two_year,0
5.0,80.33,0,monthly,1
55.0,33.67,2,monthly,0
24.0,72.04,1,monthly,0
40.0,36.88,0,monthly,0
32.0,113.31,1,one_year,0
57.0,58.29,1,monthly,0
27.0,69.44,1,one_year,0
48.0,44.1,1,two_year,0
47.0,57.2,0,monthly,0
62.0,98.43,1,monthly,0
25.0,,2,two_year,0
35.0,44.46,1,monthly,1
64.0,,1,monthly,0
1.0,66.32,1,one_year,0
20.0,108.06,1,monthly,0
72.0,67.21,1,one_year,0
5.0,79.32,1,two_year,0
17.0,92.81,0,one_year,0
48.0,120.0,1,one_year,0
60.0,83.93,0,one_year,0
44.0,46.43,0,monthly,0
15.0,48.14,2,one_year,0
63.0,107.05,3,monthly,0
37.0,78.73,1,monthly,1
64.0,,1,monthly,0
21.0,,6,monthly,1
20.0,59.75,3,two_year,0
48.0,62.29,0,monthly,0
64.0,83.86,1,one_year,0
6.0,84.48,2,monthly,1
27.0,99.1,2,monthly,0
6.0,28.41,1,two_year,0
6.0,76.24,2,one_year,0
34.0,,0,monthly,0
18.0,46.53,0,two_year,0
62.0,88.23,3,monthly,1
14.0,40.71,0,two_year,0
34.0,39.39,1,monthly,0
51.0,105.28,1,two_year,0
9.0,78.8,2,one_year,0
38.0,,3,one_year,0
72.0,98.66,0,monthly,0
51.0,41.79,3,two_year,0
8.0,99.94,1,two_year,0
40.0,72.16,0,monthly,0
23.0,81.7,1,monthly,0
64.0,87.66,1,monthly,0
41.0,83.95,1,monthly,1
66.0,61.58,2,monthly,0
20.0,69.65,0,monthly,0
18.0,73.57,0,one_year,0
51.0,93.18,2,one_year,0
38.0,21.46,1,two_year,0
31.0,101.15,3,monthly,1
21.0,49.57,2,monthly,0
58.0,117.92,1,monthly,0
45.0,80.66,0,one_year,0
6.0,108.68,0,monthly,1
58.0,65.1,1,monthly,0
60.0,108.23,2,monthly,0
44.0,79.39,0,one_year,0
66.0,79.34,1,two_year,0
32.0,80.2,0,monthly,0
19.0,20.0,2,monthly,0
67.0,37.53,2,one_year,0
18.0,34.44,2,two_year,0
14.0,72.01,1,monthly,0
64.0,65.24,1,monthly,0
49.0,,0,one_year,0
30.0,77.91,2,one_year,0
53.0,97.49,0,monthly,1
29.0,54.61,0,two_year,0
48.0,77.89,0,one_year,0
43.0,59.07,0,one_year,0
45.0,44.4,0,one_year,0
40.0,30.98,1,monthly,0
10.0,67.85,1,two_year,0
59.0,49.55,0,two_year,0
3.0,58.13,1,monthly,0
49.0,48.67,1,one_year,0
58.0,45.63,4,one_year,0
51.0,120.0,3,monthly,1
57.0,70.73,1,one_year,0
31.0,40.82,0,monthly,0
30.0,65.43,3,monthly,1
37.0,70.14,2,monthly,0
27.0,37.17,2,one_year,0
62.0,93.02,1,monthly,0
7.0,49.15,1,monthly,0
63.0,81.11,1,monthly,0
6.0,59.27,1,monthly,0
45.0,51.51,2,monthly,0
46.0,120.0,1,one_year,0
43.0,55.7,0,two_year,0
23.0,35.48,1,two_year,0
,57.63,0,two_year,0
34.0,47.04,2,monthly,1
35.0,93.17,0,one_year,0
55.0,78.73,2,one_year,0
15.0,42.76,0,monthly,0
16.0,108.14,2,monthly,0
35.0,63.92,2,monthly,0
63.0,39.94,1,one_year,0
5.0,93.18,1,one_year,0
13.0,83.52,4,monthly,1
19.0,46.44,0,monthly,0
45.0,43.85,1,one_year,0
21.0,65.44,1,two_year,0
53.0,53.98,2,monthly,0
35.0,81.09,0,one_year,0
69.0,75.18,0,monthly,0
50.0,42.44,2,monthly,0
57.0,44.78,1,monthly,0
8.0,63.34,3,monthly,1
29.0,97.75,1,one_year,0
47.0,54.65,2,monthly,0
26.0,82.2,1,monthly,1
56.0,54.51,1,one_year,0
17.0,78.53,1,two_year,0
12.0,56.13,2,one_year,1
18.0,78.19,1,monthly,1
11.0,48.95,1,two_year,0
