x,y
-1.477,-0.206
-2.37,0.888
-2.849,1.081
-3.711,1.072
-3.076,3.028
-2.476,1.006
-2.755,0.833
-3.18,0.985
-2.335,1.069
-2.073,1.09
-2.587,2.05
-2.3,0.922
-2.701,1.497
-1.536,1.052
-2.734,1.751
-3.088,1.04
-2.115,1.519
-2.55,1.569
-4.155,1.762
-3.128,0.282
-2.448,1.585
-2.845,0.608
-2.586,1.171
-1.827,1.611
-2.493,1.811
-2.713,0.691
-2.279,1.52
-2.718,0.769
-2.474,-0.172
-2.22,1.47
-3.501,1.234
-3.13,1.616
-3.719,0.697
-2.21,1.836
-3.787,0.926
-2.42,0.865
-1.725,0.545
-2.405,0.623
-1.827,1.188
-2.805,0.255
-1.675,1.614
-2.186,1.826
-2.408,0.848
-3.04,0.76
-1.846,0.397
-2.928,1.023
-2.476,1.516
-3.287,0.248
-2.602,1.867
-2.184,1.319
-2.774,1.361
-2.734,1.649
-3.037,1.274
-2.661,1.499
-2.476,2.603
-1.776,2.023
-3.722,1.013
-2.935,1.493
-3.853,1.846
-2.013,0.484
-3.138,0.759
-2.576,1.553
-1.474,1.091
-2.178,1.285
-1.632,1.608
-1.847,0.607
-2.706,0.752
-1.772,1.562
-2.768,0.951
-2.333,0.814
-3.112,1.465
-1.245,1.065
-2.906,0.556
-3.334,1.489
-2.132,1.205
-2.417,1.264
-2.524,0.361
-2.852,1.261
-3.031,0.938
-3.051,1.017
-2.131,0.976
-2.685,1.648
-2.245,2.132
-3.75,1.671
-2.865,1.274
-2.139,1.796
-2.028,1.285
-1.715,1.044
-2.678,1.64
-2.903,2.388
-2.039,2.397
-2.615,0.989
-2.508,1.604
-2.923,1.409
-2.609,2.089
-2.964,1.775
-2.954,0.672
-2.991,0.545
-2.52,1.767
-2.51,1.543
3.298,1.749
2.507,1.449
1.515,2.018
1.434,1.959
2.392,2.22
2.363,1.147
2.597,1.292
2.3,1.623
2.326,1.496
1.942,1.496
1.224,1.513
1.741,2.216
3.098,0.527
2.48,1.53
1.824,1.892
2.146,0.628
2.253,1.518
2.459,0.923
2.739,2.005
1.77,1.238
2.356,1.289
3.359,1.715
1.844,1.167
2.368,2.863
2.302,1.67
2.683,1.578
3.654,1.308
2.809,1.688
2.742,0.953
3.372,1.533
2.419,1.086
1.999,1.91
2.943,2.014
3.065,1.993
2.416,2.06
2.726,1.545
2.799,2.307
2.529,1.404
2.795,2.645
2.284,1.549
2.325,2.273
1.39,1.801
3.056,1.153
3.219,1.894
2.098,1.712
1.556,1.289
3.405,1.108
3.415,1.555
2.947,1.624
1.167,1.285
2.504,0.967
1.659,1.801
2.043,0.667
2.024,2.073
2.139,2.114
3.24,1.618
1.779,0.884
2.386,2.085
2.548,1.901
2.156,1.765
2.141,1.421
1.689,0.735
2.135,0.991
1.873,1.969
2.341,3.203
2.909,1.252
2.828,1.796
2.023,2.206
1.974,-0.082
2.837,1.261
3.217,1.243
1.75,2.452
1.808,1.712
3.197,1.663
2.356,1.656
2.861,1.156
2.736,1.917
3.683,1.415
1.897,2.005
2.182,1.759
2.473,2.243
2.039,1.549
0.996,1.11
3.245,1.225
2.014,0.93
2.719,1.698
1.747,1.967
2.543,2.015
2.047,2.556
2.625,1.536
2.115,1.465
2.872,1.452
2.993,1.919
3.141,2.048
2.365,0.55
2.564,2.034
2.49,1.906
2.141,1.391
1.882,2.349
2.487,1.329
-0.533,-1.684
0.993,-1.346
-0.198,-0.814
0.986,-1.061
0.634,-0.964
0.499,-1.174
-0.229,-0.775
0.327,-0.487
-0.923,-1.212
0.74,-1.789
0.449,-1.188
0.518,-1.897
0.122,-1.04
0.903,-1.546
0.242,-1.49
0.771,-2.18
-0.531,-1.532
-0.409,-1.923
0.247,-1.335
-0.39,-1.159
-0.776,-1.3
-0.668,-2.301
0.553,-1.823
-0.238,-1.845
0.456,-1.63
0.184,-1.02
-0.194,-1.86
-0.087,-0.957
0.745,-0.892
0.181,-1.686
0.669,-1.817
0.657,-1.202
-0.184,-1.646
0.134,-0.647
1.623,-1.655
0.208,-2.855
0.316,-1.604
-0.39,-1.168
-0.661,-1.718
0.276,-2.287
0.671,-1.019
-0.563,-2.374
0.531,-1.617
-0.466,-1.762
0.141,-1.679
0.655,-1.389
1.173,-0.844
0.573,-1.008
0.928,-1.212
-0.474,-1.127
0.24,-0.71
0.251,-1.311
0.381,-0.675
0.297,-1.748
0.37,-1.842
0.289,-1.604
0.349,-0.542
-0.023,-1.58
0.09,-1.23
-0.45,-1.981
0.178,-1.3
0.175,-1.875
-0.277,-1.319
0.993,-1.422
0.303,-1.356
-0.318,-1.771
0.053,-1.438
0.182,-2.269
0.819,-0.669
0.055,-1.381
0.347,-1.168
-0.614,-0.713
-0.057,-0.905
0.244,-1.814
0.123,-1.107
-0.275,-1.806
-0.065,-2.543
0.915,-1.282
0.188,-0.96
-0.326,-1.64
1.149,-1.061
-1.024,-3.433
-0.371,-1.016
-0.06,-1.72
0.535,-2.087
0.317,-1.164
0.457,-1.382
-0.131,-1.317
-0.035,-0.882
1.614,-2.007
-0.996,-1.834
0.407,-1.022
0.793,-2.031
-0.236,-0.903
-0.401,-1.0
0.075,-1.178
0.588,-1.173
0.651,-2.144
0.364,-1.592
0.37,-0.922
