income,years,approved
4.7,0.0,0
3.6,6.2,1
3.7,7.2,1
3.7,8.8,1
7.4,1.4,1
5.3,2.3,0
5.5,7.6,1
3.5,0.8,0
5.6,2.5,1
2.2,4.1,0
1.8,3.8,0
6.6,4.9,1
1.6,7.8,0
7.4,5.7,1
6.5,5.9,1
6.2,5.3,1
1.8,1.9,0
2.7,4.0,0
6.6,8.9,1
4.1,8.2,1
5.3,6.9,1
2.2,4.8,0
2.6,7.8,0
4.5,5.7,1
6.1,3.6,1
4.7,4.7,1
2.1,1.8,0
6.7,5.2,1
2.3,2.8,0
4.1,7.0,1
5.0,7.4,1
3.4,8.9,0
4.0,7.5,0
6.8,0.5,0
4.2,6.5,1
4.7,7.3,1
7.3,7.9,1
3.2,4.4,0
6.9,4.3,1
3.7,4.8,1
3.4,1.4,0
6.8,8.6,1
1.9,8.9,0
6.7,2.4,0
6.5,8.6,1
6.9,1.9,0
1.9,0.8,0
2.9,6.6,0
6.2,7.3,1
4.1,1.8,0
